state,area_nr,area_name,total_n,germans_n,foreigner_n,for_prop,pop_move_n,pop_migr_background_n,income,unemp_n,unemp_prop,votes_total,afd_votes,afd_prop,east,east_num,state_id
Schleswig-Holstein,1,Flensburg – Schleswig,282800,266700,16100,5,3478440,28280,20265,20361,7,170396,11647,0.06835254348693631,no,0,15
Schleswig-Holstein,2,Nordfriesland – Dithmarschen Nord,232300,219700,12600,5,3066360,18584,22159,16725,7,138075,9023,0.06534854245880861,no,0,15
Schleswig-Holstein,3,Steinburg – Dithmarschen Süd,220800,209800,11000,5,2627520,20313,20896,14572,6,130875,11176,0.08539446036294174,no,0,15
Schleswig-Holstein,4,Rendsburg-Eckernförde,248700,239400,9299,3,2487000,21139,22093,12683,5,156268,11578,0.07409066475542017,no,0,15
Schleswig-Holstein,5,Kiel,268000,242900,25099,9,3189200,48240,18637,23584,8,150173,10390,0.06918687114194962,no,0,15
Schleswig-Holstein,6,Plön – Neumünster,219800,206800,13000,5,4615800,23738,20395,15166,6,130514,11161,0.08551573011324455,no,0,15
Schleswig-Holstein,7,Pinneberg,307500,281500,26000,8,4028250,46125,23766,15990,5,186372,15977,0.08572639666902754,no,0,15
Schleswig-Holstein,8,Segeberg – Stormarn-Mitte,313200,294900,18300,5,2881439,41655,22791,14407,4,191937,17166,0.08943559605495553,no,0,15
Schleswig-Holstein,9,Ostholstein – Stormarn-Nord,219300,209900,9400,4,2894760,18421,21962,13596,6,137273,11780,0.0858143990442403,no,0,15
Schleswig-Holstein,10,Herzogtum Lauenburg – Stormarn-Süd,311100,290600,20500,6,5226480,39509,23628,14932,4,191971,18791,0.09788457631621443,no,0,15
Schleswig-Holstein,11,Lübeck,235300,216500,18800,8,2870660,38824,19238,20471,8,129805,11549,0.08897191941758792,no,0,15
Mecklenburg-Vorpommern,12,Schwerin – Ludwigslust-Parchim I – Nordwestmecklenburg I,270900,254600,16299,6,7260120,12732,18008,21130,7,155412,25692,0.1653154196587136,yes,1,8
Mecklenburg-Vorpommern,13,Ludwigslust-Parchim II – Nordwestmecklenburg II – Landkreis Rostock I,248800,241300,7500,3,2338720,8956,18081,17664,7,145108,25686,0.17701298343302918,yes,1,8
Mecklenburg-Vorpommern,14,Rostock – Landkreis Rostock II,271600,261200,10400,3,2688840,14938,16879,24172,8,162306,25170,0.15507744630512735,yes,1,8
Mecklenburg-Vorpommern,15,Vorpommern-Rügen – Vorpommern-Greifswald I,292300,282300,10000,3,3244530,9645,17287,34783,11,167411,32881,0.19640883812891627,yes,1,8
Mecklenburg-Vorpommern,16,Mecklenburgische Seenplatte I – Vorpommern-Greifswald II,273300,264000,9300,3,2241060,9018,16955,31976,11,154807,35597,0.2299443823599708,yes,1,8
Mecklenburg-Vorpommern,17,Mecklenburgische Seenplatte II – Landkreis Rostock III,255600,249600,6000,2,2172600,6645,17802,26071,10,142477,27389,0.1922345361005636,yes,1,8
Hamburg,18,Hamburg-Mitte,350100,278400,71700,20,3921120,99078,23596,24857,7,174340,13950,0.08001606057129747,no,0,6
Hamburg,19,Hamburg-Altona,260300,222800,37500,14,2915360,73664,23596,18481,7,145076,8034,0.055377870909040776,no,0,6
Hamburg,20,Hamburg-Eimsbüttel,252900,223200,29700,11,2832480,71570,23596,17955,7,155141,9120,0.058785234077387664,no,0,6
Hamburg,21,Hamburg-Nord,279800,252900,26900,9,3133759,79183,23596,19865,7,177403,10919,0.06154912825600469,no,0,6
Hamburg,22,Hamburg-Wandsbek,314700,277200,37500,11,3524640,89060,23596,22343,7,171156,16740,0.09780551076211176,no,0,6
Hamburg,23,Hamburg-Bergedorf – Harburg,329500,270600,58899,17,3690399,93248,23596,23394,7,154154,17614,0.11426236101560777,no,0,6
Niedersachsen,24,Aurich – Emden,239900,227300,12599,5,2902790,21111,18428,18712,7,141037,12875,0.09128810170380822,no,0,9
Niedersachsen,25,Unterems,314500,285800,28699,9,4340100,42143,18302,15725,5,174953,14620,0.08356530039496322,no,0,9
Niedersachsen,26,Friesland – Wilhelmshaven – Wittmund,231100,220400,10699,4,3258509,22878,18657,18950,8,137585,12492,0.09079478140785696,no,0,9
Niedersachsen,27,Oldenburg – Ammerland,285300,266800,18500,6,4850100,39656,19758,17688,6,174668,12624,0.07227425744841642,no,0,9
Niedersachsen,28,Delmenhorst – Wesermarsch – Oldenburg-Land,294200,270400,23800,8,4795460,44424,20248,19417,6,168818,16393,0.09710457415678422,no,0,9
Niedersachsen,29,Cuxhaven – Stade II,234700,222500,12199,5,2863339,25816,20649,13612,5,140716,12652,0.08991159498564484,no,0,9
Niedersachsen,30,Stade I – Rotenburg II,252000,234400,17599,7,3250800,33012,21075,13356,5,151639,13479,0.08888874234200964,no,0,9
Niedersachsen,31,Mittelems,308200,278900,29300,9,3513480,57941,18813,11095,3,178827,9699,0.05423677632572262,no,0,9
Niedersachsen,32,Cloppenburg – Vechta,302600,275100,27500,9,3540420,71111,20024,14222,4,162519,13146,0.08088900374725416,no,0,9
Niedersachsen,33,Diepholz – Nienburg I,244700,229300,15399,6,4086490,32789,21380,11011,4,147273,12433,0.08442144860225567,no,0,9
Niedersachsen,34,Osterholz – Verden,248200,233700,14500,5,4144939,35492,22019,10920,4,151790,14671,0.09665327096646682,no,0,9
Niedersachsen,35,Rotenburg I – Heidekreis,214900,199600,15300,7,5608890,27507,19984,12249,5,126097,11669,0.09253987010000238,no,0,9
Niedersachsen,36,Harburg,248100,232300,15799,6,3299730,29027,24050,10420,4,160858,16048,0.09976501013316093,no,0,9
Niedersachsen,37,Lüchow-Dannenberg – Lüneburg,230800,216500,14300,6,4731400,27926,19347,14540,6,140138,12495,0.08916211163281908,no,0,9
Niedersachsen,38,Osnabrück-Land,265600,241800,23800,9,7171200,51526,21041,9561,3,150192,10939,0.0728334398636412,no,0,9
Niedersachsen,39,Stadt Osnabrück,254900,232400,22500,8,5735250,57607,20468,15803,6,151006,9489,0.06283856270611764,no,0,9
Niedersachsen,40,Nienburg II – Schaumburg,246100,230300,15799,6,2756319,37653,20359,14519,5,145646,14943,0.10259808027683562,no,0,9
Niedersachsen,41,Stadt Hannover I,257300,217000,40300,15,3910960,62009,20136,18525,7,133867,12227,0.09133692396184273,no,0,9
Niedersachsen,42,Stadt Hannover II,274900,230900,43999,16,4178479,66250,20136,19792,7,148090,11245,0.07593355391991356,no,0,9
Niedersachsen,43,Hannover-Land I,303000,276100,26899,8,5090400,73023,20136,21816,7,180357,18364,0.10182027866952766,no,0,9
Niedersachsen,44,Celle – Uelzen,271100,255300,15800,5,3768290,36327,19546,18977,7,160978,17549,0.10901489644547702,no,0,9
Niedersachsen,45,Gifhorn – Peine,280100,263700,16400,5,3053090,48457,20407,14565,5,167610,18288,0.10911043493824951,no,0,9
Niedersachsen,46,Hameln-Pyrmont – Holzminden,237500,220200,17300,7,2517500,37525,20459,16387,6,138650,14052,0.10134871979805266,no,0,9
Niedersachsen,47,Hannover-Land II,309300,283500,25800,8,4794150,74541,20136,22269,7,187010,19387,0.10366825303459708,no,0,9
Niedersachsen,48,Hildesheim,277100,258100,19000,6,3879400,42396,19957,18565,6,168295,15695,0.09325886092872634,no,0,9
Niedersachsen,49,Salzgitter – Wolfenbüttel,265200,243900,21299,8,4296240,48266,19830,21481,8,155710,19117,0.12277310384689487,no,0,9
Niedersachsen,50,Braunschweig,251400,227000,24400,9,3192779,53799,19803,15335,6,146548,12266,0.08369953871768977,no,0,9
Niedersachsen,51,Helmstedt – Wolfsburg,241900,218900,23000,9,3362410,52734,21065,14030,5,136010,14862,0.10927137710462466,no,0,9
Niedersachsen,52,Goslar – Northeim – Osterode,255200,238200,17000,6,3904560,31644,20180,17098,6,149522,15113,0.10107542702746085,no,0,9
Niedersachsen,53,Göttingen,286800,264200,22600,7,6539040,45314,19554,17208,6,169317,13443,0.07939545349846737,no,0,9
Bremen,54,Bremen I,352600,302900,49700,14,3949120,93439,20582,34554,9,185913,15716,0.08453416382931801,no,0,5
Bremen,55,Bremen II – Bremerhaven,318800,266500,52300,16,6503519,84163,19465,35386,11,145826,17604,0.12071921330901211,no,0,5
Brandenburg,56,Prignitz – Ostprignitz-Ruppin – Havelland I,209500,203800,5699,2,2011199,6704,17936,18645,8,118408,22185,0.1873606513073441,yes,1,4
Brandenburg,57,Uckermark – Barnim I,219900,212800,7099,3,2726760,9015,18121,22649,10,128039,26608,0.20781168237802544,yes,1,4
Brandenburg,58,Oberhavel – Havelland II,295800,287100,8699,2,5590620,15085,18806,19818,6,182563,33982,0.18613848370151673,yes,1,4
Brandenburg,59,Märkisch-Oderland – Barnim II,269300,262100,7199,2,4712750,11041,18742,18851,7,167678,34702,0.20695618984005057,yes,1,4
Brandenburg,60,Brandenburg an der Havel – Potsdam-Mittelmark I – Havelland III – Teltow-Fläming I,220300,213200,7100,3,3326530,10133,18930,15421,7,126138,22631,0.17941460939605827,yes,1,4
Brandenburg,61,Potsdam – Potsdam-Mittelmark II – Teltow-Fläming II,310500,294100,16399,5,6489450,19561,19217,18630,6,193865,26133,0.13479998968354268,yes,1,4
Brandenburg,62,Dahme-Spreewald – Teltow-Fläming III – Oberspreewald-Lausitz I,300900,290200,10699,3,5205570,14443,19225,17452,5,184910,38900,0.2103726137039641,yes,1,4
Brandenburg,63,Frankfurt (Oder) – Oder-Spree,240500,226100,14400,6,5916300,11543,18268,19721,8,137987,30475,0.22085413843333068,yes,1,4
Brandenburg,64,Cottbus – Spree-Neiße,217300,209100,8200,3,1216879,10647,18308,19122,8,130027,34902,0.2684211740638483,yes,1,4
Brandenburg,65,Elbe-Elster – Oberspreewald-Lausitz II,200900,196800,4099,2,462070,5424,17818,19286,9,121144,30564,0.2522947896717955,yes,1,4
Sachsen-Anhalt,66,Altmark,201400,194600,6800,3,1933440,5840,17755,19938,9,109864,18419,0.16765273428966723,yes,1,14
Sachsen-Anhalt,67,Börde – Jerichower Land,265200,257600,7599,2,2439839,7160,19054,19094,7,148085,27947,0.18872269304791167,yes,1,14
Sachsen-Anhalt,68,Harz,257399,248500,8899,3,3963959,7207,17779,19562,7,141530,23859,0.16857909983749028,yes,1,14
Sachsen-Anhalt,69,Magdeburg,292400,276200,16199,5,4532200,18713,16976,29240,10,160769,26053,0.16205238572112782,yes,1,14
Sachsen-Anhalt,70,Dessau – Wittenberg,211400,204400,7000,3,1331820,6764,18156,19237,9,121666,24310,0.1998093140236385,yes,1,14
Sachsen-Anhalt,71,Anhalt,268800,260700,8100,3,1962240,8870,17535,24729,9,145518,32346,0.222281779573661,yes,1,14
Sachsen-Anhalt,72,Halle,270400,253300,17099,6,5191679,17305,16697,26499,9,150299,26735,0.17787876166840763,yes,1,14
Sachsen-Anhalt,73,Burgenland – Saalekreis,231800,222700,9100,3,1668960,6954,17949,20398,8,129199,31780,0.24597713604594462,yes,1,14
Sachsen-Anhalt,74,Mansfeld,246700,239700,7000,2,1430860,6414,17920,25163,10,137927,32982,0.23912649444996267,yes,1,14
Berlin,75,Berlin-Mitte,354300,250000,104300,29,4145309,85386,18594,33304,9,149420,12319,0.08244545576228082,yes,1,3
Berlin,76,Berlin-Pankow,314000,283000,31000,9,3673799,75674,18594,29516,9,186409,23291,0.12494568395302802,yes,1,3
Berlin,77,Berlin-Reinickendorf,252100,216700,35400,14,2949569,60756,18594,23697,9,134913,18484,0.1370068117972323,yes,1,3
Berlin,78,Berlin-Spandau – Charlottenburg Nord,262400,222200,40199,15,3070079,63238,18594,24665,9,130658,18469,0.14135376325980806,yes,1,3
Berlin,79,Berlin-Steglitz-Zehlendorf,286500,258700,27800,9,3352049,69046,18594,26930,9,178717,15879,0.08884996950485964,yes,1,3
Berlin,80,Berlin-Charlottenburg-Wilmersdorf,277700,227200,50500,18,3249089,66925,18594,26103,9,156816,12418,0.07918834812774207,yes,1,3
Berlin,81,Berlin-Tempelhof-Schöneberg,333700,279200,54500,16,3904289,80421,18594,31367,9,179097,17122,0.09560182470951495,yes,1,3
Berlin,82,Berlin-Neukölln,318700,246200,72500,22,3728789,76806,18594,29957,9,140810,15666,0.11125630281940203,yes,1,3
Berlin,83,Berlin-Friedrichshain-Kreuzberg – Prenzlauer Berg Ost,339800,273300,66500,19,3975660,81891,18594,31941,9,171840,10865,0.0632274208566108,yes,1,3
Berlin,84,Berlin-Treptow-Köpenick,251200,237100,14099,5,2939039,60539,18594,23612,9,155337,26259,0.16904536588192123,yes,1,3
Berlin,85,Berlin-Marzahn-Hellersdorf,256300,239400,16900,6,2998710,61768,18594,24092,9,136924,29600,0.21617831789898045,yes,1,3
Berlin,86,Berlin-Lichtenberg,273300,241400,31900,11,3197610,65865,18594,25690,9,146900,24585,0.16735874744724302,yes,1,3
Nordrhein-Westfalen,87,Aachen I,245900,207300,38599,15,2606540,60491,19652,20163,8,139784,8269,0.059155554283752076,no,0,10
Nordrhein-Westfalen,88,Aachen II,308000,274400,33600,10,4589200,75768,19652,25256,8,171601,14848,0.08652630229427567,no,0,10
Nordrhein-Westfalen,89,Heinsberg,252500,225400,27099,10,3939000,52015,18979,15150,6,140891,12312,0.08738670319608775,no,0,10
Nordrhein-Westfalen,90,Düren,262800,237400,25400,9,4651560,50194,20228,18921,7,150136,14432,0.09612617893110247,no,0,10
Nordrhein-Westfalen,91,Rhein-Erft-Kreis I,336100,297200,38900,11,5680090,73942,21542,23863,7,189879,18091,0.09527646553857984,no,0,10
Nordrhein-Westfalen,92,Euskirchen – Rhein-Erft-Kreis II,321700,293400,28300,8,5758429,59514,21000,19945,6,186199,18324,0.0984108400152525,no,0,10
Nordrhein-Westfalen,93,Köln I,291400,228800,62599,21,2943140,94122,20799,24768,8,138631,12282,0.08859490301591996,no,0,10
Nordrhein-Westfalen,94,Köln II,316900,275100,41799,13,3200689,102358,20799,26936,8,197078,9964,0.05055866205258831,no,0,10
Nordrhein-Westfalen,95,Köln III,304500,245300,59199,19,3075450,98353,20799,25882,8,149523,11731,0.0784561572467112,no,0,10
Nordrhein-Westfalen,96,Bonn,318800,272200,46600,14,4240040,98828,23005,21359,6,179207,13130,0.07326722728464848,no,0,10
Nordrhein-Westfalen,97,Rhein-Sieg-Kreis I,312800,282400,30400,9,5348880,69128,22669,16265,5,182749,18238,0.09979808371044438,no,0,10
Nordrhein-Westfalen,98,Rhein-Sieg-Kreis II,283400,258000,25399,8,5781359,62631,22669,14736,5,173161,15225,0.08792395516311409,no,0,10
Nordrhein-Westfalen,99,Oberbergischer Kreis,273500,249600,23900,8,3664900,73571,22192,15042,5,155033,16409,0.1058419820296324,no,0,10
Nordrhein-Westfalen,100,Rheinisch-Bergischer Kreis,282700,258399,24300,8,4014339,53995,24567,17810,6,172947,13814,0.07987418110750692,no,0,10
Nordrhein-Westfalen,101,Leverkusen – Köln IV,311300,257200,54100,17,3735600,100238,20442,26460,8,153667,14984,0.09750954987082458,no,0,10
Nordrhein-Westfalen,102,Wuppertal I,308600,252800,55800,18,4567280,98134,20746,29625,9,148559,16434,0.11062271555408962,no,0,10
Nordrhein-Westfalen,103,Solingen – Remscheid – Wuppertal II,309600,266100,43500,14,4024800,91951,22492,27554,8,162468,16221,0.09984119949774725,no,0,10
Nordrhein-Westfalen,104,Mettmann I,266900,239400,27499,10,3736599,65123,24519,17081,6,159165,15053,0.09457481230169949,no,0,10
Nordrhein-Westfalen,105,Mettmann II,216400,190800,25599,11,3570600,52801,24519,13849,6,124443,11926,0.09583504094243951,no,0,10
Nordrhein-Westfalen,106,Düsseldorf I,324000,263000,61000,18,3628799,106596,24128,24948,7,171910,12029,0.06997266011284975,no,0,10
Nordrhein-Westfalen,107,Düsseldorf II,288200,234600,53599,18,3227839,94817,24128,22191,7,142546,12968,0.09097414168058031,no,0,10
Nordrhein-Westfalen,108,Neuss I,295700,257700,38000,12,5854860,68011,23689,16854,5,158773,14893,0.09380058322258822,no,0,10
Nordrhein-Westfalen,109,Mönchengladbach,260000,225900,34099,13,3848000,67080,20705,25740,9,130836,12373,0.09456877312054786,no,0,10
Nordrhein-Westfalen,110,Krefeld I – Neuss II,269400,239900,29499,10,4229579,67888,22513,21013,7,154179,12104,0.07850615194027721,no,0,10
Nordrhein-Westfalen,111,Viersen,297700,271500,26199,8,3602169,50013,21988,19945,6,172016,12841,0.07465003255511116,no,0,10
Nordrhein-Westfalen,112,Kleve,310300,269100,41199,13,6609390,56784,19649,19859,6,167653,11621,0.06931578915975259,no,0,10
Nordrhein-Westfalen,113,Wesel I,263500,244300,19199,7,4268700,50065,20936,18708,7,159095,14325,0.09004054181463905,no,0,10
Nordrhein-Westfalen,114,Krefeld II – Wesel II,241800,212700,29100,12,3892980,56097,20940,21036,8,132412,12172,0.09192520315379271,no,0,10
Nordrhein-Westfalen,115,Duisburg I,243000,203700,39300,16,3353400,75815,16761,31833,13,119621,13549,0.11326606532297841,no,0,10
Nordrhein-Westfalen,116,Duisburg II,248200,200000,48199,19,3425160,77438,16761,32514,13,101888,15719,0.15427724560301506,no,0,10
Nordrhein-Westfalen,117,Oberhausen – Wesel III,278400,245100,33299,12,3145920,62361,18676,27840,10,148852,18559,0.12468089108644828,no,0,10
Nordrhein-Westfalen,118,Mülheim – Essen I,252400,221900,30500,12,4442240,60323,21940,23725,9,141660,16200,0.11435832274459974,no,0,10
Nordrhein-Westfalen,119,Essen II,246200,200500,45699,18,4530079,60318,20046,29297,11,109215,16339,0.14960399212562378,no,0,10
Nordrhein-Westfalen,120,Essen III,253300,226700,26600,10,4660720,62058,20046,30142,11,152409,12735,0.08355805759502391,no,0,10
Nordrhein-Westfalen,121,Recklinghausen I,217900,197200,20700,9,2331529,43797,19382,22879,10,122884,14776,0.12024348165749812,no,0,10
Nordrhein-Westfalen,122,Recklinghausen II,249000,224200,24800,10,3137400,50049,19382,26145,10,139515,17386,0.12461742464967925,no,0,10
Nordrhein-Westfalen,123,Gelsenkirchen,260399,216100,44299,17,3619560,76557,16135,36716,14,118066,20113,0.17035386986939507,no,0,10
Nordrhein-Westfalen,124,Steinfurt I – Borken I,272200,245200,27000,9,3565819,42463,20497,11976,4,153570,9718,0.06328058865663867,no,0,10
Nordrhein-Westfalen,125,Bottrop – Recklinghausen III,268000,242800,25199,9,3644799,57620,19296,25460,9,150528,18719,0.12435560161564625,no,0,10
Nordrhein-Westfalen,126,Borken II,260300,242400,17900,6,3383900,38264,20527,10151,3,157053,9401,0.05985877378973977,no,0,10
Nordrhein-Westfalen,127,Coesfeld – Steinfurt II,244800,231200,13600,5,2986560,29131,21996,8078,3,155826,9506,0.06100394029237739,no,0,10
Nordrhein-Westfalen,128,Steinfurt III,254100,234800,19299,7,4091010,41164,20477,12196,4,151387,10341,0.06830837522376426,no,0,10
Nordrhein-Westfalen,129,Münster,310000,280700,29300,9,7099000,63240,22127,17050,5,190122,9392,0.04939985903788094,no,0,10
Nordrhein-Westfalen,130,Warendorf,277400,252900,24499,8,4271960,58531,22079,15811,5,162139,12024,0.07415859231893622,no,0,10
Nordrhein-Westfalen,131,Gütersloh I,322100,284400,37700,11,5507910,86322,23294,15138,4,175031,15082,0.08616759316921002,no,0,10
Nordrhein-Westfalen,132,Bielefeld – Gütersloh II,344500,299900,44600,12,3617250,112651,21228,29627,8,184603,16478,0.08926182131384647,no,0,10
Nordrhein-Westfalen,133,Herford – Minden-Lübbecke II,301100,275900,25200,8,4486390,77382,22131,17162,5,167031,18097,0.10834515748573618,no,0,10
Nordrhein-Westfalen,134,Minden-Lübbecke I,264100,246500,17600,6,3908680,63119,21652,13997,5,149668,15825,0.10573402464120586,no,0,10
Nordrhein-Westfalen,135,Lippe I,221400,204200,17200,7,4760100,58006,22582,15276,6,127537,14147,0.11092467284003858,no,0,10
Nordrhein-Westfalen,136,Höxter – Lippe II,273400,254800,18599,6,3909620,59054,21226,16130,5,158102,15192,0.09608986603585028,no,0,10
Nordrhein-Westfalen,137,Paderborn – Gütersloh III,331400,303900,27500,8,5567519,93123,20240,19221,5,185897,18483,0.09942602624033739,no,0,10
Nordrhein-Westfalen,138,Hagen – Ennepe-Ruhr-Kreis I,287600,246800,40800,14,4572840,81103,21467,27034,9,148785,17622,0.11843935880633129,no,0,10
Nordrhein-Westfalen,139,Ennepe-Ruhr-Kreis II,227400,207700,19700,8,3229080,44570,24236,14781,6,136424,13190,0.09668386794112473,no,0,10
Nordrhein-Westfalen,140,Bochum I,276200,244700,31500,11,3286779,64907,19422,27343,9,155734,15189,0.09753168864859312,no,0,10
Nordrhein-Westfalen,141,Herne – Bochum II,244400,214000,30400,12,3128320,63788,18311,28105,11,126558,16994,0.13427835458841006,no,0,10
Nordrhein-Westfalen,142,Dortmund I,283800,248100,35700,12,3150180,82018,18206,32637,11,154923,15197,0.09809389180431569,no,0,10
Nordrhein-Westfalen,143,Dortmund II,302400,246100,56299,18,3356639,87393,18206,34775,11,142416,15510,0.10890630266262218,no,0,10
Nordrhein-Westfalen,144,Unna I,253600,232000,21599,8,3017840,58835,20283,20795,8,149581,14690,0.09820766006377815,no,0,10
Nordrhein-Westfalen,145,Hamm – Unna II,321800,283700,38100,11,6242920,85277,18884,28640,8,169703,19067,0.1123551145236089,no,0,10
Nordrhein-Westfalen,146,Soest,303000,275900,27100,8,7605300,61812,21376,18180,6,173076,16165,0.09339827590191592,no,0,10
Nordrhein-Westfalen,147,Hochsauerlandkreis,263800,242700,21100,8,3376640,45901,22750,12662,4,152814,12216,0.07994031960422475,no,0,10
Nordrhein-Westfalen,148,Siegen-Wittgenstein,280800,253300,27500,9,5700240,56721,23366,15163,5,160964,17160,0.10660768867572873,no,0,10
Nordrhein-Westfalen,149,Olpe – Märkischer Kreis I,280600,250000,30600,10,3142720,64818,25863,15433,5,151288,13847,0.09152741790492307,no,0,10
Nordrhein-Westfalen,150,Märkischer Kreis II,272000,241000,31000,11,2312000,76160,24680,18224,6,144207,16682,0.11568093088407637,no,0,10
Sachsen,151,Nordsachsen,197600,192100,5500,2,1679600,5335,18348,16598,8,116556,31302,0.26855760321218985,yes,1,13
Sachsen,152,Leipzig I,275200,254800,20399,7,7540480,22291,16542,22841,8,159937,33289,0.20813820441798958,yes,1,13
Sachsen,153,Leipzig II,285200,263700,21500,7,7814480,23101,16542,23671,8,173798,27769,0.15977744277839792,yes,1,13
Sachsen,154,Leipzig-Land,258399,253100,5299,2,2248079,7235,19319,17054,6,159392,42824,0.26867094960851234,yes,1,13
Sachsen,155,Meißen,245200,238600,6599,2,2697200,8091,19013,17654,7,150919,49618,0.3287723878371842,yes,1,13
Sachsen,156,Bautzen I,259300,254100,5200,2,1063129,8297,18623,17891,6,158833,52040,0.3276397222239711,yes,1,13
Sachsen,157,Görlitz,260000,251000,9000,3,1950000,11700,17483,26520,10,153713,50553,0.3288791448999109,yes,1,13
Sachsen,158,Sächsische Schweiz-Osterzgebirge,247400,240800,6599,2,2894580,7174,18735,15833,6,154371,54746,0.3546391485447396,yes,1,13
Sachsen,159,Dresden I,294400,274200,20199,6,3621120,21491,17638,20902,7,181068,41796,0.23083040625621312,yes,1,13
Sachsen,160,Dresden II – Bautzen II,296400,284800,11599,4,3319679,19562,17797,20747,7,185136,43119,0.23290445942442312,yes,1,13
Sachsen,161,Mittelsachsen,246800,239000,7800,3,1801640,6416,18604,16042,6,148887,46521,0.31245844163694614,yes,1,13
Sachsen,162,Chemnitz,248600,231500,17099,6,6140420,16158,18611,20385,8,145888,35456,0.243035753454705,yes,1,13
Sachsen,163,Chemnitzer Umland – Erzgebirgskreis II,219200,216500,2699,1,745280,5480,18445,14028,6,137168,36741,0.2678540184299545,yes,1,13
Sachsen,164,Erzgebirgskreis I,267500,261600,5899,2,26750,4815,18124,16585,6,163962,47948,0.29243361266634954,yes,1,13
Sachsen,165,Zwickau,251100,243700,7400,3,1707480,7784,18656,16070,6,148817,38955,0.26176444895408457,yes,1,13
Sachsen,166,Vogtlandkreis,232300,226400,5900,2,1835170,8130,18566,15564,6,140831,37218,0.2642742009926792,yes,1,13
Hessen,167,Waldeck,235000,219900,15099,6,3783500,37365,21290,10340,4,140730,16410,0.11660626732040076,no,0,7
Hessen,168,Kassel,299300,263200,36100,12,4459570,73927,19633,21848,7,165395,17286,0.10451343752834125,no,0,7
Hessen,169,Werra-Meißner – Hersfeld-Rotenburg,221900,207200,14700,6,3727920,31066,19842,11538,5,131063,17173,0.13102858930438033,no,0,7
Hessen,170,Schwalm-Eder,237400,224000,13400,5,2350260,34897,20606,11395,4,143054,18504,0.12934975603618215,no,0,7
Hessen,171,Marburg,245200,220800,24399,10,4143879,46342,19718,9808,4,140784,16127,0.11455136947380384,no,0,7
Hessen,172,Lahn-Dill,275400,250900,24499,8,2919240,61138,21649,15422,5,152795,20930,0.13698092215059393,no,0,7
Hessen,173,Gießen,286500,258100,28399,9,3352049,63603,19880,16617,5,164311,20357,0.12389310514816415,no,0,7
Hessen,174,Fulda,271000,251900,19099,7,4607000,43360,20727,9214,3,158626,25134,0.1584481736915764,no,0,7
Hessen,175,Main-Kinzig – Wetterau II – Schotten,232200,212300,19899,8,2879279,52245,21761,10681,4,136022,20921,0.1538060019702695,no,0,7
Hessen,176,Hochtaunus,250300,218900,31400,12,3579290,57318,27206,10012,4,144609,16132,0.11155598890802094,no,0,7
Hessen,177,Wetterau I,237700,211000,26699,11,4135979,45400,22008,10696,4,137220,15895,0.11583588398192683,no,0,7
Hessen,178,Rheingau-Taunus – Limburg,294000,262700,31300,10,3351600,52332,22673,14112,4,171621,20364,0.11865680773331935,no,0,7
Hessen,179,Wiesbaden,276200,227900,48299,17,745740,93355,22243,20162,7,138226,15496,0.11210626076136183,no,0,7
Hessen,180,Hanau,254200,213200,41000,16,3507960,62533,21744,11947,4,132320,18625,0.14075725513905682,no,0,7
Hessen,181,Main-Taunus,278000,237200,40800,14,3753000,71446,26355,10563,3,158860,16395,0.1032040790633262,no,0,7
Hessen,182,Frankfurt am Main I,365100,250000,115100,31,5987639,161374,20555,22636,6,143049,13329,0.09317786213115785,no,0,7
Hessen,183,Frankfurt am Main II,367600,277400,90200,24,6028639,162479,20555,22791,6,170775,13737,0.08043917435221783,no,0,7
Hessen,184,Groß-Gerau,266000,213400,52599,19,5054000,85386,20066,15427,5,131180,15943,0.12153529501448392,no,0,7
Hessen,185,Offenbach,355200,267800,87399,24,6251520,130713,20901,23443,6,161293,19051,0.11811423930362756,no,0,7
Hessen,186,Darmstadt,341800,289700,52100,15,6425840,91944,22135,17773,5,190532,18685,0.0980675162177482,no,0,7
Hessen,187,Odenwald,319200,279700,39500,12,5266800,80119,22034,15640,4,182234,22259,0.12214515403272715,no,0,7
Hessen,188,Bergstraße,266900,236100,30799,11,3950120,48575,22341,10142,3,154080,19931,0.1293548805815161,no,0,7
Thüringen,189,Eichsfeld – Nordhausen – Kyffhäuserkreis,263800,256500,7300,2,2057639,7386,17475,18993,7,155929,32854,0.21069845891399291,yes,1,16
Thüringen,190,Eisenach – Wartburgkreis – Unstrut-Hainich-Kreis,273300,264300,9000,3,3088290,8199,18020,18584,6,160880,35821,0.22265663848831427,yes,1,16
Thüringen,191,Jena – Sömmerda – Weimarer Land I,255800,244200,11600,4,2506840,10487,17558,15348,6,153336,30421,0.19839437574998695,yes,1,16
Thüringen,192,Gotha – Ilm-Kreis,246500,235000,11500,4,3401700,9860,17733,15283,6,145876,35093,0.24056733115796977,yes,1,16
Thüringen,193,Erfurt – Weimar – Weimarer Land II,280700,264000,16699,6,4968389,18526,17262,19087,6,166151,30166,0.18155773964646615,yes,1,16
Thüringen,194,Gera – Greiz – Altenburger Land,289500,280500,9000,3,3010800,8974,18134,24897,8,174394,47274,0.27107583976512956,yes,1,16
Thüringen,195,Saalfeld-Rudolstadt – Saale-Holzland-Kreis – Saale-Orla-Kreis,278400,269000,9399,3,3535679,6681,18365,16982,6,169716,43739,0.25771877725140824,yes,1,16
Thüringen,196,Suhl – Schmalkalden-Meiningen – Hildburghausen – Sonneberg,282700,273900,8800,3,2063710,7067,18845,13286,4,168007,38677,0.23021064598498872,yes,1,16
Rheinland-Pfalz,197,Neuwied,309800,287000,22800,7,3407800,63818,21726,16419,5,179082,19273,0.10762108978010074,no,0,11
Rheinland-Pfalz,198,Ahrweiler,246400,230100,16300,6,2784320,39670,22014,9856,4,149988,14436,0.09624769981598529,no,0,11
Rheinland-Pfalz,199,Koblenz,257200,234100,23099,9,2957799,50668,21059,12860,5,149622,13697,0.09154402427450509,no,0,11
Rheinland-Pfalz,200,Mosel/Rhein-Hunsrück,219500,205400,14099,6,2151100,34242,22334,8999,4,133703,12022,0.08991570869763581,no,0,11
Rheinland-Pfalz,201,Kreuznach,237400,219400,18000,7,2184080,42019,21362,15193,6,138198,16195,0.11718693468791155,no,0,11
Rheinland-Pfalz,202,Bitburg,215200,196900,18299,8,2195039,29482,21839,8392,3,125050,10058,0.08043182726909236,no,0,11
Rheinland-Pfalz,203,Trier,262900,230900,31999,12,9911330,40223,21106,11041,4,149881,11926,0.07956979203501445,no,0,11
Rheinland-Pfalz,204,Montabaur,272600,251700,20900,7,3625580,47705,22579,9813,3,161759,17822,0.11017624985317664,no,0,11
Rheinland-Pfalz,205,Mainz,343900,295700,48199,14,5915079,82535,22918,18570,5,200879,16535,0.08231323333947302,no,0,11
Rheinland-Pfalz,206,Worms,284100,256399,27700,9,3409200,57672,22393,14773,5,167663,21978,0.1310843775907624,no,0,11
Rheinland-Pfalz,207,Ludwigshafen/Frankenthal,314600,261200,53400,17,2674100,96267,20614,21392,6,159499,24644,0.15450880569784137,no,0,11
Rheinland-Pfalz,208,Neustadt – Speyer,285500,259700,25800,9,3054850,51390,24273,13418,4,174345,22080,0.1266454443775273,no,0,11
Rheinland-Pfalz,209,Kaiserslautern,296800,272600,24199,8,3027360,58172,19816,19588,6,169755,23207,0.13670878619186475,no,0,11
Rheinland-Pfalz,210,Pirmasens,223800,209900,13900,6,1656120,30660,20785,14770,6,132714,18648,0.14051268140512682,no,0,11
Rheinland-Pfalz,211,Südpfalz,283200,258600,24599,8,3200160,50692,21679,12743,4,170401,23190,0.13609075064113474,no,0,11
Bayern,212,Altötting,220500,199800,20699,9,3439799,43659,22185,8599,3,125909,18305,0.14538277644965808,no,0,2
Bayern,213,Erding – Ebersberg,271200,242100,29099,10,4122240,39866,24309,5423,2,162608,19367,0.11910238118665749,no,0,2
Bayern,214,Freising,326000,285800,40199,12,5281200,55093,22838,7172,2,185634,25178,0.13563248111876058,no,0,2
Bayern,215,Fürstenfeldbruck,323500,282200,41300,12,5402450,62435,24151,8411,2,189842,21938,0.11555925453798421,no,0,2
Bayern,216,Ingolstadt,327300,290700,36600,11,3338460,80515,21717,8182,2,182840,27671,0.15133996937212862,no,0,2
Bayern,217,München-Nord,368100,264300,103800,28,3717810,126258,25838,16564,4,173092,14901,0.08608716751785178,no,0,2
Bayern,218,München-Ost,377400,284700,92699,24,3811740,129448,25838,16983,4,186047,15940,0.08567727509715287,no,0,2
Bayern,219,München-Süd,334800,252500,82300,24,3381480,114836,25838,15066,4,169770,14584,0.08590445897390588,no,0,2
Bayern,220,München-West/Mitte,370000,282600,87399,23,3737000,126909,25838,16650,4,192595,14879,0.07725538046159039,no,0,2
Bayern,221,München-Land,340000,287100,52899,15,6902000,77180,29954,9180,2,196362,18457,0.09399476477118791,no,0,2
Bayern,222,Rosenheim,317900,282800,35099,11,5404299,53725,23680,9854,3,185456,25698,0.13856656026227246,no,0,2
Bayern,223,Bad Tölz-Wolfratshausen – Miesbach,223200,198300,24899,11,3392640,37943,26258,6472,2,131817,15407,0.11688173756040571,no,0,2
Bayern,224,Starnberg – Landsberg am Lech,290700,258500,32199,11,4186080,45058,29060,8430,2,176259,17450,0.09900203677542707,no,0,2
Bayern,225,Traunstein,278100,248400,29700,10,3893400,53951,22259,10845,3,159568,19183,0.12021833951669508,no,0,2
Bayern,226,Weilheim,220300,199200,21100,9,3679010,29960,24017,7269,3,133560,16143,0.1208670260557053,no,0,2
Bayern,227,Deggendorf,208400,197200,11200,5,1979800,22715,20088,7502,3,118755,22765,0.1916971916971917,no,0,2
Bayern,228,Landshut,336100,301200,34900,10,7058100,57137,22276,10755,3,191694,28059,0.14637390841653886,no,0,2
Bayern,229,Passau,225200,208900,16299,7,3265399,28600,20065,9458,4,130571,20968,0.16058696035107337,no,0,2
Bayern,230,Rottal-Inn,220000,201100,18900,8,2420000,30800,21229,6820,3,123504,20381,0.165022995206633,no,0,2
Bayern,231,Straubing,222400,207200,15200,6,2802240,23796,20576,9118,4,128207,23580,0.18392131474880466,no,0,2
Bayern,232,Amberg,275800,258200,17600,6,3061380,34750,21131,8549,3,168203,21540,0.1280595470948794,no,0,2
Bayern,233,Regensburg,334900,302700,32199,9,5257929,62961,21814,9042,2,197663,25628,0.1296550188957974,no,0,2
Bayern,234,Schwandorf,271200,256700,14500,5,2657760,23594,20358,9492,3,161282,28007,0.17365236046179983,no,0,2
Bayern,235,Weiden,210400,200500,9900,4,1157200,20829,20390,9257,4,129339,17407,0.13458430945035912,no,0,2
Bayern,236,Bamberg,234300,218000,16300,7,3163050,29287,21716,7966,3,144418,18394,0.12736639477073494,no,0,2
Bayern,237,Bayreuth,204500,193400,11099,5,1370150,28016,21698,8793,4,126522,13564,0.10720665180759077,no,0,2
Bayern,238,Coburg,198700,188500,10199,5,1112719,23247,24053,7351,3,122179,14210,0.11630476595814337,no,0,2
Bayern,239,Hof,211400,196800,14599,6,1522080,28327,21143,10358,4,125791,16606,0.1320126241146028,no,0,2
Bayern,240,Kulmbach,210500,202700,7800,3,1136700,18945,21623,7578,3,133911,18000,0.1344176355937899,no,0,2
Bayern,241,Ansbach,315800,291800,24000,7,4673840,45475,21613,10737,3,184421,21734,0.11784991947771675,no,0,2
Bayern,242,Erlangen,242500,215900,26599,11,3346500,49470,24270,7275,3,147370,13953,0.09468005699938929,no,0,2
Bayern,243,Fürth,337200,304000,33199,9,4417320,69125,22885,12813,3,197343,23032,0.11671049897893515,no,0,2
Bayern,244,Nürnberg-Nord,285300,224400,60900,21,4821570,103849,21791,17973,6,145304,14503,0.09981142982987391,no,0,2
Bayern,245,Nürnberg-Süd,265100,217700,47400,17,4374150,91724,22126,15640,5,130978,18679,0.14261173632213042,no,0,2
Bayern,246,Roth,292800,272500,20300,6,3835680,36014,24299,7612,2,184545,21357,0.11572787125091441,no,0,2
Bayern,247,Aschaffenburg,242700,218100,24599,10,2257110,47811,23305,9222,3,143378,16634,0.11601500927617905,no,0,2
Bayern,248,Bad Kissingen,267400,256500,10899,4,1791580,29146,20817,8824,3,169903,19653,0.11567188336874569,no,0,2
Bayern,249,Main-Spessart,254600,234700,19900,7,1527600,38190,21936,6619,2,155959,16856,0.10807968761020524,no,0,2
Bayern,250,Schweinfurt,256100,237000,19100,7,2945150,42256,21354,9219,3,154940,18904,0.12200851942687492,no,0,2
Bayern,251,Würzburg,285300,265300,20000,7,1968570,46503,23105,8559,3,181902,15769,0.0866895361238469,no,0,2
Bayern,252,Augsburg-Stadt,314100,256300,57800,18,5622390,109620,18877,16961,5,152057,21013,0.13819159920293048,no,0,2
Bayern,253,Augsburg-Land,324800,299300,25500,7,4157440,49694,23625,8444,2,197838,27042,0.13668759287902224,no,0,2
Bayern,254,Donau-Ries,249800,230400,19400,7,2822740,34222,23203,5495,2,146826,21588,0.14703117976380206,no,0,2
Bayern,255,Neu-Ulm,328000,289700,38300,11,4231200,66911,23426,8200,2,180762,27326,0.15117115322910787,no,0,2
Bayern,256,Oberallgäu,300000,268800,31199,10,4530000,52500,22864,9300,3,175341,18528,0.10566838332164183,no,0,2
Bayern,257,Ostallgäu,329200,297500,31699,9,5036760,53001,22927,9876,3,190159,25383,0.13348303262007058,no,0,2
Baden-Württemberg,258,Stuttgart I,304300,239600,64700,21,5020950,117459,23759,15215,5,159974,11455,0.07160538587520472,no,0,1
Baden-Württemberg,259,Stuttgart II,319500,235400,84100,26,5271750,123327,23759,15975,5,137803,14894,0.10808182695587179,no,0,1
Baden-Württemberg,260,Böblingen,358700,298900,59800,16,6348990,110479,23483,11119,3,194896,22854,0.11726254002134472,no,0,1
Baden-Württemberg,261,Esslingen,245900,204100,41800,17,3024570,66147,23606,8606,3,134380,14692,0.10933174579550528,no,0,1
Baden-Württemberg,262,Nürtingen,293300,250900,42400,14,4634140,79484,23600,10265,3,166609,20544,0.1233066641057806,no,0,1
Baden-Württemberg,263,Göppingen,252700,216400,36299,14,3082939,67976,22333,9855,3,135938,19956,0.1468022186585061,no,0,1
Baden-Württemberg,264,Waiblingen,317400,270500,46899,14,4094460,78715,23752,10791,3,176892,22870,0.1292879270967596,no,0,1
Baden-Württemberg,265,Ludwigsburg,324700,268100,56599,17,4773089,94163,23470,11364,3,173985,19780,0.11368796160588557,no,0,1
Baden-Württemberg,266,Neckar-Zaber,322100,278100,44000,13,4219510,89543,23329,11273,3,184220,24124,0.13095212246227336,no,0,1
Baden-Württemberg,267,Heilbronn,351700,294800,56899,16,6365770,111840,29506,14771,4,183282,30088,0.16416232908850842,no,0,1
Baden-Württemberg,268,Schwäbisch Hall – Hohenlohe,301800,274600,27199,9,4164840,73035,21905,9355,3,169459,24801,0.14635398532978477,no,0,1
Baden-Württemberg,269,Backnang – Schwäbisch Gmünd,241500,213600,27900,11,3067049,56028,22927,7969,3,135304,19437,0.14365428959971618,no,0,1
Baden-Württemberg,270,Aalen – Heidenheim,303800,270500,33300,11,5468400,70481,22109,12455,4,168210,20614,0.12254919445930681,no,0,1
Baden-Württemberg,271,Karlsruhe-Stadt,307800,252300,55500,18,7695000,93878,21417,14466,4,160690,16712,0.1040014935590267,no,0,1
Baden-Württemberg,272,Karlsruhe-Land,281100,250100,31000,11,3176430,58187,22619,9276,3,167216,20887,0.12491029566548656,no,0,1
Baden-Württemberg,273,Rastatt,281600,245800,35800,12,4336640,68428,23075,9856,3,155235,19700,0.12690437079266917,no,0,1
Baden-Württemberg,274,Heidelberg,317100,269300,47800,15,3488100,81494,22796,13635,4,177832,16849,0.0947467272481893,no,0,1
Baden-Württemberg,275,Mannheim,305800,236600,69200,22,6085420,111311,19846,17430,5,142721,18308,0.1282782491714604,no,0,1
Baden-Württemberg,276,Odenwald – Tauber,275100,253300,21800,7,4098990,49793,21164,9903,3,161214,22288,0.13825102038284517,no,0,1
Baden-Württemberg,277,Rhein-Neckar,268900,239000,29899,11,3925939,56737,23240,11024,4,154652,20942,0.1354137030235626,no,0,1
Baden-Württemberg,278,Bruchsal – Schwetzingen,266800,235300,31500,11,3841920,55761,22879,9604,3,152694,22794,0.1492789500569767,no,0,1
Baden-Württemberg,279,Pforzheim,318300,267400,50900,16,5665740,98991,22911,13686,4,166072,27105,0.16321234163495352,no,0,1
Baden-Württemberg,280,Calw,271600,239900,31700,11,4209800,62468,22863,9234,3,151600,22714,0.14982849604221635,no,0,1
Baden-Württemberg,281,Freiburg,313800,268900,44900,14,5114940,79391,21003,15062,4,179518,14101,0.07854922626143339,no,0,1
Baden-Württemberg,282,Lörrach – Müllheim,318700,278300,40399,12,5704730,70432,23142,10517,3,175691,18457,0.10505375915670126,no,0,1
Baden-Württemberg,283,Emmendingen – Lahr,289200,263200,26000,9,4424760,52345,21513,9254,3,166443,19139,0.1149883143178145,no,0,1
Baden-Württemberg,284,Offenburg,272300,246200,26100,9,3104220,57727,21662,9530,3,153635,17799,0.1158525075666352,no,0,1
Baden-Württemberg,285,Rottweil – Tuttlingen,274100,242700,31400,11,3919630,72362,23526,7948,2,150048,20927,0.1394687033482619,no,0,1
Baden-Württemberg,286,Schwarzwald-Baar,230300,200300,30000,13,4145400,59878,22805,7830,3,123726,15348,0.12404830027641725,no,0,1
Baden-Württemberg,287,Konstanz,280300,243100,37200,13,4765100,66711,22339,10371,3,157257,16188,0.10293977374616074,no,0,1
Baden-Württemberg,288,Waldshut,245800,215600,30200,12,4154019,51618,22429,8357,3,135128,13299,0.09841779645965307,no,0,1
Baden-Württemberg,289,Reutlingen,282100,242800,39300,13,4400760,73346,23126,10437,3,156066,20174,0.1292658234336755,no,0,1
Baden-Württemberg,290,Tübingen,270900,238000,32899,12,3467520,60681,21953,8397,3,158407,15885,0.10027965935848794,no,0,1
Baden-Württemberg,291,Ulm,314700,271300,43399,13,4846380,79619,22957,10385,3,175842,20430,0.11618384686252431,no,0,1
Baden-Württemberg,292,Biberach,222800,203600,19200,8,4077240,42332,21938,5792,2,130272,16235,0.12462386391549987,no,0,1
Baden-Württemberg,293,Bodensee,233300,206500,26800,11,3172880,52259,23541,7232,3,135934,14163,0.104190268806921,no,0,1
Baden-Württemberg,294,Ravensburg,250500,226500,24000,9,3632250,50350,22091,7515,3,144785,14899,0.10290430638532998,no,0,1
Baden-Württemberg,295,Zollernalb – Sigmaringen,249100,221000,28099,11,5455290,55549,22823,8469,3,137726,18813,0.1365973018892584,no,0,1
Saarland,296,Saarbrücken,269800,235000,34800,12,3129680,53960,18923,25361,9,145431,14043,0.09656125585329126,no,0,12
Saarland,297,Saarlouis,265500,240800,24699,9,3902850,42745,18991,14602,5,157540,15497,0.09836866827472387,no,0,12
Saarland,298,St. Wendel,216700,205500,11199,5,2188669,28387,21924,13218,6,138710,12628,0.09103885804916732,no,0,12
Saarland,299,Homburg,243700,223000,20699,8,3216839,37773,20506,16815,6,143523,16744,0.11666422803313754,no,0,12
