state,area_nr,area_name,total_n,germans_n,foreigner_n,pop_move_n,pop_migr_background_n,income,unemp_n,votes_total,afd_votes,afd_prop,east,state_id,total_n_z,germans_n_z,foreigner_n_z,pop_move_n_z,pop_migr_background_n_z,income_z,unemp_n_z,votes_total_z,afd_votes_z,afd_prop_z
Schleswig-Holstein,1,Flensburg – Schleswig,282800,266700,16100,3478440,28280,20265,20361,170396,11647000,0.06835254348693631,0,15,0.2103609895241015,0.7384953705950867,-0.6866607746103975,-0.23405819513595597,-0.8241784980071718,-0.331229037339419,0.5294325736242255,0.7420571802149715,-0.9559380206641114,-1.0844472782356187
Schleswig-Holstein,2,Nordfriesland – Dithmarschen Nord,232300,219700,12600,3066360,18584,22159,16725,138075,9023000,0.06534854245880861,0,15,-1.12317180392684,-0.9301927624096695,-0.8739260711324136,-0.5246213450924033,-1.1451159729868976,0.4782205523605706,-0.0022599637360526327,-0.8725210301240619,-1.2691398862049443,-1.1394454488402648
Schleswig-Holstein,3,Steinburg – Dithmarschen Süd,220800,209800,11000,2627520,20313,20896,14572,130875,11176000,0.08539446036294174,0,15,-1.4268475885740841,-1.281682390425565,-0.9595330638281924,-0.8340533309371114,-1.0878860952806326,-0.06155496600853545,-0.31709330612787845,-1.2321931663339887,-1.0121568006449546,-0.7724386460811488
Schleswig-Holstein,4,Rendsburg-Eckernförde,248700,239400,9299,2487000,21139,22093,12683,156268,11578000,0.07409066475542017,0,15,-0.6901037284299005,-0.23076390666086746,-1.050543997937892,-0.933135872753943,-1.0605455059310809,0.4500137556761993,-0.5933219098334794,0.036300521829715306,-0.9641738928906044,-0.9793919971224432
Schleswig-Holstein,5,Kiel,268000,242900,25099,3189200,48240,18637,23584,150173,10390000,0.06918687114194962,0,15,-0.180456542021917,-0.10649989675625794,-0.20517494506707679,-0.43800520904928064,-0.16350275537151515,-1.0269966888872453,1.0007320917518867,-0.26817193236466014,-1.1059741277467436,-1.0691721520685695
Schleswig-Holstein,6,Plön – Neumünster,219800,206800,13000,4615800,23738,20395,15166,130514,11161000,0.08551573011324455,0,15,-1.4532541785434097,-1.3881943989152303,-0.8525243229584689,0.5679096369220544,-0.9745186394426003,-0.27567019538535426,-0.23023264408387265,-1.2502267276078474,-1.0139472076507139,-0.7702184023615606
Schleswig-Holstein,7,Pinneberg,307500,281500,26000,4028250,46125,23766,15990,186372,15977000,0.08572639666902754,0,15,0.8626037617664433,1.2639546124774355,-0.15696750730526637,0.15362023011534062,-0.23350922810069422,1.1650133140542787,-0.10973906576020126,1.5401296868941088,-0.4391071983349167,-0.7663614545552321
Schleswig-Holstein,8,Segeberg – Stormarn-Mitte,313200,294900,18300,2881439,41655,22791,14407,191937,17166000,0.08943559605495553,0,15,1.013121324591599,1.7397082503979404,-0.5689511596537017,-0.6550116291467039,-0.38146617046449105,0.7483219993987931,-0.341221267806769,1.8181262755063645,-0.2971876030117267,-0.6984522964944364
Schleswig-Holstein,9,Ostholstein – Stormarn-Nord,219300,209900,9400,2894760,18421,21962,13596,137273,11780000,0.0858143990442403,0,15,-1.4664574735280724,-1.278131990142576,-1.045140056523971,-0.645618812896049,-1.1505112708851748,0.39402753801479556,-0.45981385521028534,-0.9125845097407788,-0.9400630785463786,-0.7647502801247817
Schleswig-Holstein,10,Herzogtum Lauenburg – Stormarn-Süd,311100,290600,20500,5226480,39509,23628,14932,191971,18791000,0.09788457631621443,0,15,0.9576674856560152,1.5870410382294202,-0.4512415446970059,0.9985083177981058,-0.45249874279395597,1.1060354664415024,-0.2644504806466628,1.8198247272606891,-0.10322684405446539,-0.5437657789157043
Schleswig-Holstein,11,Lübeck,235300,216500,18800,2870660,38824,19238,20471,129805,11549000,0.08897191941758792,0,15,-1.0439520340188633,-1.0438055714653125,-0.5421989744362709,-0.6626120470106637,-0.4751722339615624,-0.7701438887765305,0.5455178814101524,-1.2856444421318527,-0.9676353464350724,-0.7069414303424454
Mecklenburg-Vorpommern,12,Schwerin – Ludwigslust-Parchim I – Nordwestmecklenburg I,270900,254600,16299,7260120,12732,18008,21130,155412,25692000,0.1653154196587136,1,8,-0.10387743111087283,0.3088969363534367,-0.6760134048938601,2.4324552316920816,-1.3388170975311793,-1.295816008803451,0.6418834980549333,-0.006460498808575978,0.7204797390618793,0.6907787473481152
Mecklenburg-Vorpommern,13,Ludwigslust-Parchim II – Nordwestmecklenburg II – Landkreis Rostock I,248800,241300,7500,2338720,8956,18081,17664,145108,25686000,0.17701298343302918,1,8,-0.687463069432968,-0.16330630128407944,-1.1467983603502083,-1.0376900949329908,-1.4638026488434157,-1.2646175821677068,0.13505007272745154,-0.521191289295671,0.7197635762595757,0.904941326553194
Mecklenburg-Vorpommern,14,Rostock – Landkreis Rostock II,271600,261200,10400,2688840,14938,16879,24172,162306,25170000,0.15507744630512735,1,8,-0.08539281813234492,0.5432233550307003,-0.9916356860891093,-0.790815774260424,-1.2657985259753548,-1.7783231823891363,1.0867153733712056,0.3379255716124288,0.6581735752614545,0.5033387964712335
Mecklenburg-Vorpommern,15,Vorpommern-Rügen – Vorpommern-Greifswald I,292300,282300,10000,3244530,9645,17287,34783,167411,32881000,0.19640883812891627,1,8,0.4612235942326945,1.2923578147413461,-1.0130374342630541,-0.39899128193054095,-1.4409967577273854,-1.6039538937948408,2.6383626544300367,0.5929431070779393,1.5785621366888034,1.2600465730557857
Mecklenburg-Vorpommern,16,Mecklenburgische Seenplatte I – Vorpommern-Greifswald II,273300,264000,9300,2241060,9018,16955,31976,154807,35597000,0.2299443823599708,1,8,-0.04050161518449145,0.6426345629543879,-1.0504904935674573,-1.1065514743368605,-1.4617504496428442,-1.7458426286313755,2.2278948457473358,-0.036682949142882317,1.9027451651982936,1.8740255849367329
Mecklenburg-Vorpommern,17,Mecklenburgische Seenplatte II – Landkreis Rostock III,255600,249600,6000,2172600,6645,17802,26071,142477,27389000,0.1922345361005636,1,8,-0.5078982576415542,0.13137692220399455,-1.227054916002501,-1.1548235410375458,-1.5402967190453698,-1.3838554045152767,1.3644062777846182,-0.6526214824023817,0.9230344516467855,1.183622173409774
Hamburg,18,Hamburg-Mitte,350100,278400,71700,3921120,99078,23596,24857,174340,13950000,0.08001606057129747,0,6,1.9875244944597128,1.1538922037047814,2.288182221567915,0.07808142635191072,1.5192343891230495,1.0923594438066555,1.1868829718562965,0.9390775837166313,-0.6810508650465281,-0.8709080362548297
Hamburg,19,Hamburg-Altona,260300,222800,37500,2915360,73664,23596,18481,145076,8034000,0.055377870909040776,0,6,-0.38378728478572394,-0.8201303536370154,0.45833275269564355,-0.6310934758520217,0.6780313168112972,1.0923594438066555,0.2545200405556548,-0.5227898321232707,-1.38718738811801,-1.321991556448891
Hamburg,20,Hamburg-Eimsbüttel,252900,223200,29700,2832480,71570,23596,17955,155141,9120000,0.058785234077387664,0,6,-0.5791960505587331,-0.80592875250506,0.040998663303722045,-0.6895332784835261,0.6087199438113441,1.0923594438066555,0.17760302332476752,-0.01999815837981072,-1.257561920901034,-1.2596085082774562
Hamburg,21,Hamburg-Nord,279800,252900,26900,3133759,79183,23596,19865,177403,10919000,0.06154912825600469,0,6,0.1311412196161248,0.24854013154262636,-0.10881357391389081,-0.4770974037608303,0.8607101456492826,1.0923594438066555,0.45690245851677275,1.0920881049959377,-1.0428324406769645,-1.2090062873908975
Hamburg,22,Hamburg-Wandsbek,314700,277200,37500,3524640,89060,23596,22343,171156,16740000,0.09780551076211176,0,6,1.0527312095455874,1.1112874003089153,0.45833275269564355,-0.20148195380420517,1.1876387182951935,1.0923594438066555,0.8192605739124739,0.7800225723704637,-0.34803516197529183,-0.5452133352889456
Hamburg,23,Hamburg-Bergedorf – Harburg,329500,270600,58899,3690399,93248,23596,23394,154154,17614000,0.11426236101560777,0,6,1.443548741091606,0.8769609816316516,1.6032727756312497,-0.08460305365464502,1.3262614642950998,1.0923594438066555,0.9729483783034673,-0.06930321371858816,-0.24371411377304789,-0.2439162819983192
Niedersachsen,24,Aurich – Emden,239900,227300,12599,2902790,21111,18428,18712,141037,12875000,0.09128810170380822,0,9,-0.9224817201599657,-0.6603623409025174,-0.8739795755028484,-0.6399567519026733,-1.0614723055700488,-1.116318211721088,0.2882991869061015,-0.7245559096443671,-0.8093633671259471,-0.6645360558647946
Niedersachsen,25,Unterems,314500,285800,28699,4340100,42143,18302,15725,174953,14620000,0.08356530039496322,0,9,1.0474498915517223,1.4166218246459557,-0.012559211501574548,0.3735098591046585,-0.36531337675676556,-1.1701675508457967,-0.14849003451720721,0.9696996697578375,-0.6010793521226112,-0.8059274668372364
Niedersachsen,26,Friesland – Wilhelmshaven – Wittmund,231100,220400,10699,3258509,22878,18657,18950,137585,12492000,0.09079478140785696,0,9,-1.1548597118900308,-0.9053399604287476,-0.9756378793290857,-0.38913450103061575,-1.0029846283537558,-1.018449174740466,0.32310194375201634,-0.8969987171716819,-0.8550784260063355,-0.6735679148906125
Niedersachsen,27,Oldenburg – Ammerland,285300,266800,18500,4850100,39656,19758,17688,174668,12624000,0.07227425744841642,0,9,0.27637746444741546,0.7420457708780756,-0.5582502855667294,0.7331177179616477,-0.4476330446893747,-0.5479085209602715,0.13855959442619922,0.9554626476995279,-0.8393228443556534,-1.0126473382567243
Niedersachsen,28,Delmenhorst – Wesermarsch – Oldenburg-Land,294200,270400,23800,4795460,44424,20248,19417,168818,16393000,0.09710457415678422,0,9,0.5113961151744131,0.8698601810656739,-0.27467712226196217,0.6945903191225381,-0.2898123061679914,-0.3384944243641813,0.3913913868068155,0.6632290370289625,-0.38945324404185777,-0.5580462972759368
Niedersachsen,29,Cuxhaven – Stade II,234700,222500,12199,2863339,25816,20649,13612,140716,12652000,0.08991159498564484,0,9,-1.0597959880004586,-0.8307815544859819,-0.8953813236767931,-0.6677741825688833,-0.9057368662363431,-0.1671167657212585,-0.45747417407778684,-0.7405912923837263,-0.835980751278236,-0.6897375623273858
Niedersachsen,30,Stade I – Rotenburg II,252000,234400,17599,3250800,33012,21075,13356,151639,13479000,0.08888874234200964,0,9,-0.6029619815311262,-0.4082839208103096,-0.6064577233285398,-0.39457022060694624,-0.6675493590216043,0.014945285605138326,-0.4949090721977624,-0.19493868907525005,-0.7372696450273712,-0.7084642617097506
Niedersachsen,31,Mittelems,308200,278900,29300,3513480,57941,18813,11095,178827,9699000,0.05423677632572262,0,9,0.8810883747449711,1.1716442051197256,0.01959691512977735,-0.2093510198921346,0.15760021954374062,-0.9517785643955884,-0.8255352622339529,1.163223260824123,-1.1884522104787238,-1.3428830654669437
Niedersachsen,32,Cloppenburg – Vechta,302600,275100,27500,3540420,71111,20024,14222,162519,13146000,0.08088900374725416,0,9,0.7332114709167479,1.0367289943661495,-0.07671095165297377,-0.19035526358310068,0.5935270497296924,-0.4342265828081083,-0.3682738309012826,0.34856587230863917,-0.7770166805552285,-0.8549259253068346
Niedersachsen,33,Diepholz – Nienburg I,244700,229300,15399,4086490,32789,21380,11011,147273,12433000,0.08442144860225567,0,9,-0.7957300883072029,-0.5893543352427406,-0.7241673382852356,0.19468603736991133,-0.6749306561462411,0.145294876343521,-0.8378185881795699,-0.4130398761158806,-0.8621206935623222,-0.790252843317923
Niedersachsen,34,Osterholz – Verden,248200,233700,14500,4144939,35492,22019,10920,151790,14671000,0.09665327096646682,0,9,-0.7033070234145634,-0.4331367227912315,-0.7722677673061763,0.2358992133352685,-0.5854613909987372,0.41838795333311624,-0.851125524620655,-0.1873955651075141,-0.5949919683030295,-0.5663088942667799
Niedersachsen,35,Rotenburg I – Heidekreis,214900,199600,15300,5608890,27507,19984,12249,126097,11669000,0.09253987010000238,0,9,-1.582646469393105,-1.643823219290427,-0.7294642709582869,1.2681507517304613,-0.8497647880401058,-0.45132161110166663,-0.6567857605525006,-1.470875592279965,-0.9533120903889977,-0.6416182967938865
Niedersachsen,36,Harburg,248100,232300,15799,3299730,29027,24050,10420,160858,16048000,0.09976501013316093,0,9,-0.705947682411496,-0.4828423267530753,-0.7027655901112909,-0.3600690195601374,-0.7994528076389937,1.2863880149385434,-0.9242405600112323,0.2655915086635436,-0.4306326051743225,-0.5093382208333996
Niedersachsen,37,Lüchow-Dannenberg – Lüneburg,230800,216500,14300,4731400,27926,19347,14540,140138,12495000,0.08916211163281908,0,9,-1.1627816888808284,-1.0438055714653125,-0.7829686413931486,0.6494207515963053,-0.835895893442694,-0.7235599366765839,-0.3217726683928754,-0.7694649722072454,-0.8547203446051836,-0.7034593330318868
Niedersachsen,38,Osnabrück-Land,265600,241800,23800,7171200,51526,21041,9561,150192,10939000,0.0728334398636412,0,9,-0.24383235794829838,-0.1455542998691352,-0.27467712226196217,2.369756543830192,-0.054736197741216165,4.145115556136982e-4,-1.049852190812244,-0.26722279756077283,-1.040445231335952,-1.002409655385218
Niedersachsen,39,Stadt Osnabrück,254900,232400,22500,5735250,57607,20468,15803,151006,9489000,0.06283856270611764,0,9,-0.526382870620082,-0.47929192647008645,-0.34423280382728244,1.3572488871131458,0.14654482385033835,-0.24447176874961019,-0.13708408899627716,-0.22655986438370612,-1.2135179085593544,-1.1853989266720433
Niedersachsen,40,Nienburg II – Schaumburg,246100,230300,15799,2756319,37653,20359,14519,145646,14943000,0.10259808027683562,0,9,-0.7587608623501471,-0.5538503324128522,-0.7027655901112909,-0.7432354238529519,-0.5139323188626823,-0.2910557208495568,-0.32484349987927963,-0.49431578800665155,-0.5625259212652601,-0.4574695051978847
Niedersachsen,41,Stadt Hannover I,257300,217000,40300,3910960,62009,20136,18525,133867,12227000,0.09133692396184273,0,9,-0.4630070546937006,-1.0260535700503683,0.6081449899132564,0.0709174737127205,0.29225096709092757,-0.38636050358614477,0.2609541636700256,-1.082729411953419,-0.8867089497747505,-0.663642203016029
Niedersachsen,42,Stadt Hannover II,274900,230900,43999,4178479,66250,20136,19792,148090,11245000,0.07593355391991356,0,9,0.0017489287664294746,-0.5325479307149191,0.8060576561518099,0.2595487184059811,0.4326280124074516,-0.38636050358614477,0.4462276633497485,-0.3722270795487264,-1.0039209284184616,-0.9456518180328797
Niedersachsen,43,Hannover-Land I,303000,276100,26899,5090400,73023,20136,21816,180357,18364000,0.10182027866952766,0,9,0.7437741069044781,1.072232997196038,-0.10886707828432567,0.9025564796936763,0.6568142250763546,-0.38636050358614477,0.7421973266108054,1.2396535897687324,-0.15419376348508113,-0.47170973517608594
Niedersachsen,44,Celle – Uelzen,271100,255300,15800,3768290,36327,19546,18977,160978,17549000,0.10901489644547702,0,9,-0.09859611311700771,0.3337497383343586,-0.7027120857408561,-0.0296810620189004,-0.5578229017652315,-0.638512170916131,0.3270501556631075,0.27158604426704236,-0.25147254413133835,-0.3399884700460588
Niedersachsen,45,Gifhorn – Peine,280100,263700,16400,3053090,48457,20407,14565,167610,18288000,0.10911043493824951,0,9,0.13906319660692246,0.6319833621054214,-0.670609463479939,-0.5339782005571724,-0.15632005816951428,-0.2705416868972867,-0.3181169166233465,0.6028840452870748,-0.16326515898092844,-0.3382393220678747
Niedersachsen,46,Hameln-Pyrmont – Holzminden,237500,220200,17300,2517500,37525,20459,16387,138650,14052000,0.10134871979805266,0,9,-0.9858575360863471,-0.9124407609947254,-0.6224555300885635,-0.9116299125673977,-0.5181691172122497,-0.24831815011566083,-0.051685727660082885,-0.8437972136906303,-0.6688760974073646,-0.48034317937955906
Niedersachsen,47,Hannover-Land II,309300,283500,25800,4794150,74541,20136,22269,187010,19387000,0.10366825303459708,0,9,0.9101356237112292,1.3349626181372123,-0.16766838139223872,0.6936666205046897,0.7070600055032547,-0.38636050358614477,0.8084395486746684,1.5720006345193773,-0.032088005692294475,-0.43787645467736164
Niedersachsen,48,Hildesheim,277100,258100,19000,3879400,42396,19957,18565,168295,15695000,0.09325886092872634,0,9,0.05984342669894574,0.4331609462580462,-0.5314981003492985,0.048664093270511515,-0.3569390800189489,-0.46286075519981856,0.2668033665012718,0.6371028526903804,-0.4727668500431922,-0.6284547925570112
Niedersachsen,49,Salzgitter – Wolfenbüttel,265200,243900,21299,4296240,48266,19830,21481,155710,19117000,0.12277310384689487,0,9,-0.2543949939360286,-0.07099589392636951,-0.40849155271955134,0.3425835832429574,-0.1626421557067593,-0.5171374700318664,0.6932102528991185,0.008425931273445987,-0.06431533179596251,-0.08809899637670483
Niedersachsen,50,Braunschweig,251400,227000,24400,3192779,53799,19803,15335,146548,12266000,0.08369953871768977,0,9,-0.6188059355127216,-0.671013541751484,-0.24257450000104513,-0.435481608016243,0.020500072950710067,-0.5286766141300183,-0.20551976212185752,-0.4492568620536857,-0.8820538915597762,-0.8034697905229251
Niedersachsen,51,Helmstedt – Wolfsburg,241900,218900,23000,3362410,52734,21065,14030,136010,14862000,0.10927137710462466,0,9,-0.8696685402213145,-0.9585959646735803,-0.31748061860985155,-0.31587250859316474,-0.01475141331717442,0.01067152853174873,-0.39635000449126423,-0.9756769969676033,-0.5721941190963605,-0.335292743607714
Niedersachsen,52,Goslar – Northeim – Osterode,255200,238200,17000,3904560,31644,20180,17098,149522,15113000,0.10107542702746085,0,9,-0.5184608936292844,-0.2733687100567336,-0.6385068412190219,0.06640474764078964,-0.7128301413826053,-0.3675559724632306,0.05228385266531803,-0.300692288013641,-0.5422346418666544,-0.4853467071018491
Niedersachsen,53,Göttingen,286800,264200,22600,6539040,45314,19554,17208,169317,13443000,0.07939545349846737,0,9,0.3159873494014038,0.6497353635203656,-0.33888236678379624,1.9240120260752231,-0.260353317643656,-0.6350931652574193,0.06836916045124504,0.6881563142468449,-0.7415666218411937,-0.88227030056511635
Bremen,54,Bremen I,352600,302900,49700,3949120,93439,20582,34554,185913,15716000,0.08453416382931801,0,5,2.0535409693830267,2.0237402730370477,1.1110860720009568,0.09782460291660816,1.332583561832345,-0.1957509381129688,2.6048759682211524,1.517200588210726,-0.4702602802351291,-0.7881892184290927
Bremen,55,Bremen II – Bremerhaven,318800,266500,52300,6503519,84163,19465,35386,145826,17604000,0.12071921330901211,0,5,1.1609982284198221,0.731394570029109,1.2501974351315972,1.898965691262558,1.025548081437137,-0.6731296032105867,2.7265393871110732,-0.48532398460140336,-0.2449077184435541,-0.1257022532158507
Brandenburg,56,Prignitz – Ostprignitz-Ruppin – Havelland I,209500,203800,5699,2011199,6704,17936,18645,118408,22185000,0.1873606513073441,1,4,-1.7252420552274632,-1.4947064074048957,-1.2431597315033944,-1.2686295567775006,-1.5383438198061161,-1.326587059731856,0.27850177216376415,-1.8549754610741491,0.3018825811153468,1.0943895983024527
Brandenburg,57,Uckermark – Barnim I,219900,212800,7099,2726760,9015,18121,22649,128039,26608000,0.20781168237802544,1,4,-1.450613519546477,-1.1751703819358996,-1.168253612894588,-0.7640778722842337,-1.461849749604162,-1.2475225538741486,0.8640069755715072,-1.3738640244300098,0.8298139268802495,1.468813336954528
Brandenburg,58,Oberhavel – Havelland II,295800,287100,8699,5590620,15085,18806,19818,182563,33982000,0.18613848370151673,1,4,0.553646659125334,1.4627770283248107,-1.0826466201988092,1.2552683290219961,-1.2609328278707734,-0.9547701943469611,0.4500296451900585,1.349853135946385,1.7099780109115386,1.0720137795649136
Brandenburg,59,Märkisch-Oderland – Barnim II,269300,262100,7199,4712750,11041,18742,18851,167678,34702000,0.20695618984005057,1,4,-0.14612797506179376,0.5751769575775999,-1.1629031758511017,0.6362703857773193,-1.3947891757274165,-0.9821222396166546,0.30862516674468204,0.6062809487957241,1.7959175471879867,1.453150717629837
Brandenburg,60,Brandenburg an der Havel – Potsdam-Mittelmark I – Havelland III – Teltow-Fläming I,220300,213200,7100,3326530,10133,18930,15421,126138,22631000,0.17941460939605827,1,4,-1.4400508835587469,-1.1609687808039444,-1.1682001085241531,-0.341171979133927,-1.42484396401966,-0.9017756066369301,-0.19294397603467822,-1.468827459282103,0.3551173494199244,0.9489110300274788
Brandenburg,61,Potsdam – Potsdam-Mittelmark II – Teltow-Fläming II,310500,294100,16399,6489450,19561,19217,18630,193865,26133000,0.13479998968354268,1,4,0.9418235316744199,1.7113050481340297,-0.6706629678503738,1.8890454501522465,-1.1127772855843407,-0.7791187786306487,0.27630832110204684,1.914438480869245,0.7731177050312038,0.13209291197920675
Brandenburg,62,Dahme-Spreewald – Teltow-Fläming III – Oberspreewald-Lausitz I,300900,290200,10699,5205570,14443,19225,17452,184910,38900000,0.2103726137039641,1,4,0.6883202679688945,1.5728394370974648,-0.9756378793290857,0.9837643955849692,-1.282183019592822,-0.775699772971937,0.10404929772184675,1.4670962614581486,2.2969927878664995,1.51569965178996
Brandenburg,63,Frankfurt (Oder) – Oder-Spree,240500,226100,14400,5916300,11543,18268,19721,137987,30475000,0.22085413843333068,1,4,-0.9066377661783703,-0.7029671442983836,-0.7776182043496624,1.484909677007377,-1.3781729822002071,-1.1846983248953213,0.4358453283242865,-0.876917022899961,1.2913808529650062,1.707598615826538
Brandenburg,64,Cottbus – Spree-Neiße,217300,209100,8200,1216879,10647,18308,19122,130027,34902000,0.2684211740638483,1,4,-1.5192706534667237,-1.306535192406487,-1.1093453010458052,-1.8287152713800177,-1.4078305706471785,-1.167603296601763,0.34825351592637493,-1.27455455126538,1.819789640598111,2.5784704684886606
Brandenburg,65,Elbe-Elster – Oberspreewald-Lausitz II,200900,196800,4099,462070,5424,17818,19286,121144,30564000,0.2522947896717955,1,4,-1.9523387289636631,-1.7432344272141147,-1.3287667241991732,-2.3609412485094006,-1.5807118033017895,-1.3770173931978533,0.3722352475344843,-1.718300049314377,1.3020039345325114,2.2832236853732057
Sachsen-Anhalt,66,Altmark,201400,194600,6800,1933440,5840,17755,19938,109864,18419000,0.16765273428966723,1,14,-1.9391354339790003,-1.8213432334398691,-1.1842514196546117,-1.3234584734380117,-1.5669422086656957,-1.4039420627602077,0.46757725368379705,-2.281786396043262,-0.1476289377972969,0.7335710192635624
Sachsen-Anhalt,67,Börde – Jerichower Land,265200,257600,7599,2439839,7160,19054,19094,148085,27947000,0.18872269304791167,1,14,-0.2543949939360286,0.415408944843102,-1.1415014276771571,-0.9663897281099323,-1.5232502256857825,-0.8487810189268992,0.34415907394450257,-0.37247685186553886,0.9896375922610328,1.1193262755262527
Sachsen-Anhalt,68,Harz,257399,248500,8899,3963959,7207,17779,19562,141530,23859000,0.16857909983749028,1,14,-0.4603928022867374,0.09232251909111727,-1.071945746111837,0.10828778138244907,-1.5216945262918007,-1.3936850457840726,0.4125947470700829,-0.6999283592066596,0.5016920029580887,0.7505312033528445
Sachsen-Anhalt,69,Magdeburg,292400,276200,16199,4532200,18713,16976,29240,160769,26053000,0.16205238572112782,1,14,0.46386425322962704,1.0757833974790267,-0.6813638419373462,0.5089621526074578,-1.1408460746502243,-1.7368677387772573,1.827809372090097,0.26114556142428197,0.763568867667154,0.6310381229249785
Sachsen-Anhalt,70,Dessau – Wittenberg,211400,204400,7000,1331820,6764,18156,19237,121666,24310000,0.1998093140236385,1,14,-1.6750695342857445,-1.4734040057069626,-1.1735505455676394,-1.7476688264684859,-1.5363578205797563,-1.232564404117285,0.36506997406620767,-1.6922238194391572,0.5555235735979194,1.3223035269129164
Sachsen-Anhalt,71,Anhalt,268800,260700,8100,1962240,8870,17535,24729,145518,32346000,0.222281779573661,1,14,-0.15933127004645653,0.5254713536157561,-1.1146957380892915,-1.303151206114323,-1.4666492477345314,-1.4979647183747788,1.1681655227963086,-0.5007099593170502,1.5147042868167204,1.7337363069467824
Sachsen-Anhalt,72,Halle,270400,253300,17099,5191679,17305,16697,26499,150299,26735000,0.17787876166840763,1,14,-0.11708072609553562,0.26274173267458173,-0.6332099085459706,0.9739696646685331,-1.187450856495465,-1.856105561124827,1.4269927480789524,-0.2618776699809864,0.8449727061956785,0.9207922595752813
Sachsen-Anhalt,73,Burgenland – Saalekreis,231800,222700,9100,1668960,6954,17949,20398,129199,31780000,0.24597713604594462,1,14,-1.136375098911503,-0.8236807539200043,-1.0611913676544296,-1.5099468783605539,-1.5300688230296173,-1.3210311755364494,0.5348430862431282,-1.3159168469295215,1.4471462624660683,2.167558148416925
Sachsen-Anhalt,74,Mansfeld,246700,239700,7000,1430860,6414,17920,25163,137927,32982000,0.23912649444996267,1,14,-0.7429169083685517,-0.22011270581190093,-1.1735505455676394,-1.677834390505356,-1.5479428160668547,-1.3334250710492794,1.2316293735153299,-0.8799142907017105,1.5906175438609162,2.042134504510275
Berlin,75,Berlin-Mitte,354300,250000,104300,4145309,85386,18594,33304,149420,12319000,0.08244545576228082,1,3,2.09843217233088,0.14557852333594992,4.032424697744408,0.23616010531130202,1.0660293656677686,-1.0453738443028207,2.4220883797447095,-0.30578764327661495,-0.8757277868060932,-0.826429925252622
Berlin,76,Berlin-Pankow,314000,283000,31000,3673799,75674,18594,29516,186409,23291000,0.12494568395302802,1,3,1.0342465965670595,1.3172106167222681,0.1105543448690423,-0.09630793690371564,0.7445622908943468,-1.0453738443028207,1.8681688716256957,1.5419780020385208,0.43389525767333514,-0.04832273458100086
Berlin,77,Berlin-Reinickendorf,252100,216700,35400,2949569,60756,18594,23697,134913,18484000,0.1370068117972323,1,3,-0.6003213225341937,-1.0367047708993349,0.3459735747824339,-0.6069722498841026,0.25077668324711605,-1.0453738443028207,1.0172560897501572,-1.0304770432762547,-0.13987050743900645,0.17249608693366203
Berlin,78,Berlin-Spandau – Charlottenburg Nord,262400,222200,40199,3070079,63238,18594,24665,130658,18469000,0.14135376325980806,1,3,-0.32833344585014024,-0.8414327553349484,0.6027410484993354,-0.5219990281765422,0.3329308512441952,-1.0453738443028207,1.1588067982663148,-1.243033284883649,-0.14166091444476578,0.2520814052841907
Berlin,79,Berlin-Steglitz-Zehlendorf,286500,258700,27800,3352049,69046,18594,26930,178717,15879000,0.08884996950485964,1,3,0.30806537241060616,0.45446334795597926,-0.06065964052251525,-0.3231781890355515,0.5251755763558131,-1.0453738443028207,1.49001790858563,1.1577282698542493,-0.4508045241058777,-0.7091741266839748
Berlin,80,Berlin-Charlottenburg-Wilmersdorf,277700,227200,50500,3249089,66925,18594,26103,156816,12418000,0.07918834812774207,1,3,0.07568738068054108,-0.6639127411855064,1.1538895683488462,-0.395776669717739,0.4549705037039981,-1.0453738443028207,1.369085640049615,0.06367556775235972,-0.8639111005680816,-0.8860620491050253
Berlin,81,Berlin-Tempelhof-Schöneberg,333700,279200,54500,3904289,80421,18594,31367,179097,17122000,0.09560182470951495,1,3,1.5544564189627732,1.182295405968692,1.367907050088293,0.06621366189618133,0.9016879296865042,-1.0453738443028207,2.138840732641613,1.1767109659319954,-0.30243946356195406,-0.5855590942766973
Berlin,82,Berlin-Neukölln,318700,246200,72500,3728789,76806,18594,29957,140810,15666000,0.11125630281940203,1,3,1.1583575694228896,0.010663312582373878,2.3309857179158042,-0.05753374835754733,0.7820314762983329,-1.0453738443028207,1.932656332840185,-0.7358955728276523,-0.4762283035876602,-0.2989521158660132
Berlin,83,Berlin-Friedrichshain-Kreuzberg – Prenzlauer Berg Ost,339800,273300,66500,3975660,81891,18594,31941,171840,10865000,0.0632274208566108,1,3,1.7155366177756592,0.9728217892723504,2.009959495306634,0.1165383138461464,0.9503449107323166,-1.0453738443028207,2.2227767932699956,0.8141914253104067,-1.049277905897698,-1.1782795925900706
Berlin,84,Berlin-Treptow-Köpenick,251200,237100,14099,2939039,60539,18594,23612,155337,26259000,0.16904536588192123,1,3,-0.6240872535065867,-0.31242311316961086,-0.7937230198505558,-0.6143970944993263,0.24359398604511517,-1.0453738443028207,1.004826533733759,-0.010207083560762715,0.7881571238795823,0.759067744858208
Berlin,85,Berlin-Marzahn-Hellersdorf,256300,239400,16900,2998710,61768,18594,24092,136924,29600000,0.21617831789898045,1,3,-0.4894136446630262,-0.23076390666086746,-0.6438572782625082,-0.5723222698996098,0.2842738701983828,-1.0453738443028207,1.0750169677087131,-0.9300186174542877,1.1869404442957114,1.6219922618150076
Berlin,86,Berlin-Lichtenberg,273300,241400,31900,3197610,65865,18594,25690,146900,24585000,0.16735874744724302,1,3,-0.04050161518449145,-0.15975590100109058,0.15870827826041786,-0.432075204945384,0.4198845173716436,-1.0453738443028207,1.3086926208169982,-0.4316728909500893,0.5883477020368405,0.7281886181379391
Nordrhein-Westfalen,87,Aachen I,245900,207300,38599,2606540,60491,19652,20163,139784,8269000,0.059155554283752076,0,10,-0.7640421803440122,-1.3704423975002862,0.5171340558035566,-0.8488466110916597,0.24200518666402743,-0.5932103459382012,0.5004790196095569,-0.7871488522375668,-1.3591376783611138,-1.2528285725526436
Nordrhein-Westfalen,88,Aachen II,308000,274400,33600,4589200,75768,19652,25256,171601,14848000,0.08652630229427567,0,10,0.875807056751106,1.0118761923852275,0.2496657079996828,0.5491536191855919,0.7476736896823103,-0.5932103459382012,1.2452287700979772,0.8022523085667717,-0.5738651656350693,-0.7517165374486514
Nordrhein-Westfalen,89,Heinsberg,252500,225400,27099,3939000,52015,18979,15150,140891,12312000,0.08738670319608775,0,10,-0.5897586865464634,-0.7278199462793055,-0.09816620419735332,0.09068885481536751,-0.038550304046384695,-0.8808341969773211,-0.2325723252163711,-0.7318492612952906,-0.8765633100754475,-0.735964054295959
Nordrhein-Westfalen,90,Düren,262800,237400,25400,4651560,50194,20228,18921,150136,14432000,0.09612617893110247,0,10,-0.31777080986240996,-0.3017719123206443,-0.1890701295661834,0.593124493848968,-0.09882538056640126,-0.3470419385109605,0.31886127169936285,-0.2700202475090723,-0.6235191199281281,-0.5759590566381914
Nordrhein-Westfalen,91,Rhein-Erft-Kreis I,336100,297200,38900,5680090,73942,21542,23863,189879,18091000,0.09527646553857984,0,10,1.6178322348891547,1.8213674569066838,0.53323887130445,1.318354829280692,0.6872331132267637,0.2145297409324325,1.0415302814998288,1.7153199899063605,-0.18677917098990104,-0.5915158695984516
Nordrhein-Westfalen,92,Euskirchen – Rhein-Erft-Kreis II,321700,293400,28300,5758429,59514,21000,19945,186199,18324000,0.0984108400152525,0,10,1.2375773393308664,1.6864522461531077,-0.03390745530508438,1.3735927117414717,0.2096664992614705,-0.017107892445283646,0.4686008641792651,1.531487564732398,-0.15896818216710604,-0.5341307819793794
Nordrhein-Westfalen,93,Köln I,291400,228800,62599,2943140,94122,20799,24768,138631,12282000,0.08859490301591996,0,10,0.43745766326030144,-0.6071063366576849,1.8012389462402383,-0.6115054242460468,1.3551908530257393,-0.10301040962041454,1.1738684955567738,-0.8447463484945176,-0.8801441240869662,-0.7138439620611537
Nordrhein-Westfalen,94,Köln II,316900,275100,41799,3200689,102358,20799,26936,197078,9964000,0.05055866205258831,0,10,1.1108257074781036,1.0367289943661495,0.6883480411951142,-0.429904160636716,1.6278023468307126,-0.10301040962041454,1.4908952890103169,2.074942171652925,-1.1568216867103087,-1.4102231077649006
Nordrhein-Westfalen,95,Köln III,304500,245300,59199,3075450,98353,20799,25882,149523,11731000,0.0784561572467112,0,10,0.7833839918584665,-0.02129028996452571,1.6193240867617082,-0.518211863843364,1.4952368984712034,-0.10301040962041454,1.33676879440698,-0.30064233355027853,-0.9459117414318592,-0.8994672239412005
Nordrhein-Westfalen,96,Bonn,318800,272200,46600,4240040,98828,23005,21359,179207,13130000,0.07326722728464848,0,10,1.1609982284198221,0.9337673861594731,0.9452225236528853,0.3029562074238147,1.510959392346551,0.8397804007693305,0.6753701842638177,1.1822059569018692,-0.7789264480280385,-0.99446774246198
Nordrhein-Westfalen,97,Rhein-Sieg-Kreis I,312800,282400,30400,5348880,69128,22669,16265,182749,18238000,0.09979808371044438,0,10,1.0025586886038687,1.295908215024335,0.07845172260812526,1.0848142039237831,0.5278897752985047,0.69618216310344,-0.06952579629538375,1.359144666131808,-0.16923318233345955,-0.5087326996538429
Nordrhein-Westfalen,98,Rhein-Sieg-Kreis II,283400,258000,25399,5781359,62631,22669,14736,173161,15225000,0.08792395516311409,0,10,0.22620494350569686,0.4296105459750574,-0.18912363393661827,1.3897609631210615,0.31283915907085635,0.69618216310344,-0.2931115745197691,0.8801812714122558,-0.5288662695569847,-0.7261278807848559
Nordrhein-Westfalen,99,Oberbergischer Kreis,273500,249600,23900,3664900,73571,22192,15042,155033,16409000,0.1058419820296324,0,10,-0.03522029719062633,0.13137692220399455,-0.269326685218476,-0.10258274148404574,0.6749530180104397,0.49232395070275625,-0.2483651728607358,-0.02539324042295962,-0.3875434765690478,-0.3980791586718636
Nordrhein-Westfalen,100,Rheinisch-Bergischer Kreis,282700,258399,24300,4014339,53995,24567,17810,172947,13814000,0.07987418110750692,0,10,0.20772033052716896,0.44377664310418286,-0.2479249370445313,0.1438113969299297,0.02698767042348505,1.5073412556327854,0.1563996630615001,0.869491016252683,-0.6972838885654128,-0.8735056089193476
Nordrhein-Westfalen,101,Leverkusen – Köln IV,311300,257200,54100,3735600,100238,20442,26460,153667,14984000,0.09750954987082458,0,10,0.9629488036498804,0.40120734371114664,1.3465053019143483,-0.052731220658184676,1.5576303741660036,-0.25558353714042314,1.4212897753184872,-0.0936310373761207,-0.5576321421161846,-0.5506318779055773
Nordrhein-Westfalen,102,Wuppertal I,308600,252800,55800,4567280,98134,20746,29625,148559,16434000,0.11062271555408962,0,10,0.8916510107327014,0.24498973125963752,1.4374627316536133,0.5336975323892287,1.4879880012949904,-0.1256613221093794,1.8841079493408415,-0.3487984362317187,-0.38455946489278225,-0.3105520255146134
Nordrhein-Westfalen,103,Solingen – Remscheid – Wuppertal II,309600,266100,43500,4024800,91951,22492,27554,162468,16221000,0.09984119949774725,0,10,0.9180576007020269,0.7171929688971537,0.7793589753048139,0.1511875887171904,1.2833307810186245,0.6205366629044442,1.5812654727530704,0.34601819467715217,-0.4099832443745648,-0.5079433226184713
Nordrhein-Westfalen,104,Mettmann I,266900,239400,27499,3736599,65123,24519,17081,159165,15053000,0.09457481230169949,0,10,-0.20950379098817512,-0.23076390666086746,-0.07676445602340863,-0.05202681232289422,0.39532432693899544,1.4868272216805154,0.0497979414620384,0.1810186021908483,-0.5493962698896917,-0.6043619518953338
Nordrhein-Westfalen,105,Mettmann II,216400,190800,25599,3570600,52801,24519,13849,124443,11926000,0.09583504094243951,0,10,-1.5430365844391167,-1.9562584441934452,-0.17842275984964592,-0.16907493970015178,-0.012533714181072768,1.4868272216805154,-0.4228176473026532,-1.5535002746815232,-0.9226364503569878,-0.5812893000768756
Nordrhein-Westfalen,106,Düsseldorf I,324000,263000,61000,3628799,106596,24128,24948,171910,12029000,0.06997266011284975,0,10,1.2983124962603152,0.6071305601244995,1.7156854579148944,-0.1280380420969794,1.7680800921859188,1.3197233201109821,1.2001899082973815,0.817688237745781,-0.9103423222507737,-1.0547856869921075
Nordrhein-Westfalen,107,Düsseldorf II,288200,234600,53599,3227839,94817,24128,22191,142546,12968000,0.09097414168058031,0,10,0.35295657535845965,-0.40118312024433195,1.3196996123264826,-0.4107603305034469,1.3781953440644057,1.3197233201109821,0.7970336031537384,-0.64917462443037,-0.7982628436902393,-0.6702841321000711
Nordrhein-Westfalen,108,Neuss I,295700,257700,38000,5854860,68011,23689,16854,158773,14893000,0.09380058322258822,0,10,0.5510060001284014,0.41895934512609084,0.48508493791307444,1.4415875067168409,0.4909170897011085,1.1321053845891789,0.01660371539471631,0.1614364525527523,-0.5684939446177912,-0.6185367749334536
Nordrhein-Westfalen,109,Mönchengladbach,260000,225900,34099,3848000,67080,20705,25740,130836,12373000,0.09456877312054786,0,10,-0.3917092617765216,-0.7100679448643613,0.2763643888466788,0.026523530980100803,0.4601010017054273,-0.14318372611027674,1.316004124356056,-1.2341413904051257,-0.8692823215853596,-0.604472519072968
Nordrhein-Westfalen,110,Krefeld I – Neuss II,269400,239900,29499,4229579,67888,22513,21013,154179,12104000,0.07850615194027721,0,10,-0.14348731606486118,-0.21301190524592323,0.030244284846314837,0.29558001563655395,0.4868457912870711,0.6295115527585623,0.6247745797735382,-0.06805435213452592,-0.901390287221977,-0.8985519057837417
Nordrhein-Westfalen,111,Viersen,297700,271500,26199,3602169,50013,21988,19945,172016,12841000,0.07465003255511116,0,10,0.6038191800670526,0.9089145841785512,-0.1463201375887289,-0.14681521323690416,-0.10481647823258633,0.40513930640560847,0.4686008641792651,0.822983410862205,-0.8134216230056683,-0.9691509201753674
Nordrhein-Westfalen,112,Kleve,310300,269100,41199,6609390,56784,19649,19859,167653,11621000,0.06931578915975259,0,10,0.9365422136805548,0.8237049773868189,0.6562454189341971,1.9736167571940255,0.11930353446210461,-0.5944924730602181,0.45602507809208587,0.6050320872116619,-0.9590413928074276,-1.0668118815257994
Nordrhein-Westfalen,113,Wesel I,263500,244300,19199,4268700,50065,20936,18708,159095,14325000,0.09004054181463905,0,10,-0.2992861968838821,-0.05679429279441414,-0.520850730632761,0.32316475886468,-0.1030952789030746,-0.04445993771497707,0.2877142666229769,0.177521789755474,-0.6362906899025448,-0.687376764300505
Nordrhein-Westfalen,114,Krefeld II – Wesel II,241800,212700,29100,3892980,56097,20940,21036,132412,12172000,0.09192520315379271,0,10,-0.872309199218247,-1.1787207822188885,0.008896041042805006,0.058239533904389774,0.09656384332028617,-0.042750434885621226,0.6281378714015048,-1.1554131561458418,-0.8932737754625347,-0.6528718074472254
Nordrhein-Westfalen,115,Duisburg I,243000,203700,39300,3353400,75815,16761,31833,119621,13549000,0.11326606532297841,0,10,-0.8406212912550564,-1.4982568076878844,0.5546406194783947,-0.32222558076630486,0.7492293890762921,-1.8287535158551336,2.206983945625631,-1.794380697015449,-0.7289144123338277,-0.26215676859031467
Nordrhein-Westfalen,116,Duisburg II,248200,200000,48199,3425160,77438,16761,32514,101888,15719000,0.15427724560301506,0,10,-0.7033070234145634,-1.6296216181584717,1.0307760119782292,-0.27162663968478024,0.8029506681493217,-1.8287535158551336,2.3065666238275973,-2.6802231958224807,-0.4699021988339772,0.48868847700707574
Nordrhein-Westfalen,117,Oberhausen – Wesel III,278400,245100,33299,3145920,62361,18676,27840,148852,18559000,0.12468089108644828,0,10,0.09417199365906899,-0.028391090530503395,0.23356089249878942,-0.46852251911071296,0.30390216255223773,-1.0103290363010258,1.6230872729964807,-0.3341617784665092,-0.13091847241020976,-0.05317064345809019
Nordrhein-Westfalen,118,Mülheim – Essen I,252400,221900,30500,4442240,60323,21940,23725,141660,16200000,0.11435832274459974,0,10,-0.5923993455433959,-0.852083956183915,0.08380215965161143,0.4455301467588798,0.2364443888302203,0.38462527245333844,1.0213505317320295,-0.6934342789695359,-0.41248981418262787,-0.24215938528184017
Nordrhein-Westfalen,119,Essen II,246200,200500,45699,4530079,60318,20046,29297,109215,16339000,0.14960399212562378,0,10,-0.7561202033532145,-1.6118696167435274,0.8970150858910749,0.507466606982682,0.23627888889469031,-0.42482431724665115,1.8361444861246228,-2.314206842765518,-0.39589870926259135,0.40312912146034535
Nordrhein-Westfalen,120,Essen III,253300,226700,26600,4660720,62058,20046,30142,152409,12735000,0.08355805759502391,0,10,-0.5686334145710029,-0.6816647426004505,-0.12486488504434932,0.599583333039419,0.2938728664591213,-0.42482431724665115,1.9597088959346984,-0.1564737522861329,-0.8260738325130343,-0.806060070236166
Nordrhein-Westfalen,121,Recklinghausen I,217900,197200,20700,2331529,43797,19382,22879,122884,14776000,0.12024348165749812,0,10,-1.5034266994851282,-1.7290328260821592,-0.44054067061003355,-1.0427605657428745,-0.31056599808345015,-0.7086017869197203,0.8976398918511727,-1.6313792830636447,-0.5824591192627141,-0.1344120939539226
Nordrhein-Westfalen,122,Recklinghausen II,249000,224200,24800,3137400,50049,19382,26145,139515,17386000,0.12461742464967925,0,10,-0.6821817514391029,-0.7704247496751716,-0.22117275182710044,-0.47453008569397087,-0.10362487869677052,-0.7086017869197203,1.3752273030224236,-0.8005866028820766,-0.2709283002605898,-0.05433260641496306
Nordrhein-Westfalen,123,Gelsenkirchen,260399,216100,44299,3619560,76557,16135,36716,118066,20113000,0.17035386986939507,0,10,-0.3811730323787607,-1.058007172597268,0.8221089672822685,-0.1345525852498808,0.7737895795089402,-2.0962907086493225,2.9210253812500087,-1.8720598875441206,0.054567693386457346,0.7830242365058823
Nordrhein-Westfalen,124,Steinfurt I – Borken I,272200,245200,27000,3565819,42463,20497,11976,153570,9718000,0.06328058865663867,0,10,-0.06954886415074958,-0.024840690247514553,-0.10346313687040463,-0.17244608709857387,-0.35472138088284727,-0.23207787323678036,-0.6967065698757557,-0.09847662032228222,-1.1861843616047618,-1.1773061802279488
Nordrhein-Westfalen,125,Bottrop – Recklinghausen III,268000,242800,25199,3644799,57620,19296,25460,150528,18719000,0.12435560161564625,0,10,-0.180456542021917,-0.11005029703924679,-0.1998245080235906,-0.11675622691715229,0.14697512368271629,-0.7453560977508709,1.2750597045373326,-0.25043809787097626,-0.1118207976821102,-0.05912614268846679
Nordrhein-Westfalen,126,Borken II,260300,242400,17900,3383900,38264,20527,10151,157053,9401000,0.05985877378973977,0,10,-0.38378728478572394,-0.12425189817120216,-0.5903529078276464,-0.30071962057975943,-0.4937082267409195,-0.21925660201661157,-0.9635764490513629,0.0755147755692698,-1.2240216296598092,-1.2399538145213749
Nordrhein-Westfalen,127,Coesfeld – Steinfurt II,244800,231200,13600,2986560,29131,21996,8078,155826,9506000,0.06100394029237739,0,10,-0.7930894293102704,-0.5218967298659526,-0.8204217006975518,-0.580889398301791,-0.7960104089799702,0.40855831206432014,-1.2667113857806964,0.014220649023494805,-1.2114887806194938,-1.2189877555576585
Nordrhein-Westfalen,128,Steinfurt III,254100,234800,19299,4091010,41164,20477,12196,151387,10341000,0.06830837522376426,0,10,-0.5475081425955425,-0.3940823196783542,-0.5155002935892748,0.1978731501582125,-0.3977182641335345,-0.24062538738355954,-0.6645359543039018,-0.20752721384259748,-1.1118227906322242,-1.0852559243214561
Nordrhein-Westfalen,129,Münster,310000,280700,29300,7099000,63240,22127,17050,190122,9392000,0.04939985903788094,0,10,0.9286202366897571,1.2355514102135248,0.01959691512977735,2.3188473528312223,0.33299705121840717,0.46454452972572385,0.04526480926782261,1.7274589245034455,-1.225095873863265,-1.4314388281668928
Nordrhein-Westfalen,130,Warendorf,277400,252900,24499,4271960,58531,22079,15811,162139,12024000,0.07415859231893622,0,10,0.06776540368974342,0.24854013154262636,-0.23727756732799382,0.3254634287075698,0.17712921193627756,0.4440304957734538,-0.13591424843002792,0.329583176230893,-0.9109391245860268,-0.9781483584911534
Nordrhein-Westfalen,131,Gütersloh I,322100,284400,37700,5507910,86322,23294,15138,175031,15082000,0.08616759316921002,0,10,1.2481399753185967,1.366916220684112,0.4690336267826159,1.1969483956767772,1.0970109535989796,0.9632919801902898,-0.23432708606574496,0.9735961179001117,-0.5459348163452237,-0.7582838939419014
Nordrhein-Westfalen,132,Bielefeld – Gütersloh II,344500,299900,44600,3617250,112651,21228,29627,184603,16478000,0.08926182131384647,0,10,1.8396475906314895,1.9172282645473826,0.8382137827831618,-0.13618139731646836,1.9685005141127174,0.08033376882799916,1.8844004094824038,1.4517602412058643,-0.3793076043425549,-0.7016338176619745
Nordrhein-Westfalen,133,Herford – Minden-Lübbecke II,301100,275900,25200,4486390,77382,22131,17162,167031,18097000,0.10834515748573618,0,10,0.6936015859627596,1.0651321966300602,-0.19977100365315575,0.4766609055207153,0.801097068871386,0.46625403255507974,0.06164257719531192,0.5739604110001932,-0.1860630081875973,-0.3522502559853806
Nordrhein-Westfalen,134,Minden-Lübbecke I,264100,246500,17600,3908680,63119,21652,13997,149668,15825000,0.10573402464120586,0,10,-0.28344224290228676,0.021314513431340408,-0.6064042189581049,0.06930981504959513,0.3289919527785818,0.26154106873971805,-0.40117559682704235,-0.29339893636271747,-0.45724998932661126,-0.4000556755941681
Nordrhein-Westfalen,135,Lippe I,221400,204200,17200,4760100,58006,22582,15276,127537,14147000,0.11092467284003858,0,10,-1.4110036345924888,-1.4805048062729402,-0.6278059671320496,0.6696575075751202,0.1597517187056303,0.6590004765649505,-0.21414733629794563,-1.3989411650379797,-0.6575368530375556,-0.3050236990685044
Nordrhein-Westfalen,136,Höxter – Lippe II,273400,254800,18599,3909620,59054,21226,16130,158102,15192000,0.09608986603585028,0,10,-0.037860956187558886,0.3159977369194144,-0.5529533528936781,0.06997262169140997,0.19444050519271286,0.07947901741332124,-0.08926685585083961,0.12791700763652164,-0.5328051649696552,-0.5766238842429519
Nordrhein-Westfalen,137,Paderborn – Gütersloh III,331400,303900,27500,5567519,93123,20240,19221,185897,18483000,0.09942602624033739,0,10,1.4937212620333244,2.0592442758669365,-0.07671095165297377,1.238979503242672,1.3221239659068504,-0.341913430022893,0.36273029293370923,1.5164013167969261,-0.13998986790605708,-0.51554444173518
Nordrhein-Westfalen,138,Hagen – Ennepe-Ruhr-Kreis I,287600,246800,40800,4572840,81103,21467,27034,148785,17622000,0.11843935880633129,0,10,0.33711262137686426,0.03196571428030694,0.6348971751306872,0.5376179631642186,0.9242621208927927,0.1824765628820105,1.50522583594687,-0.337508727511796,-0.2427592300366429,-0.16744252750941882
Nordrhein-Westfalen,139,Ennepe-Ruhr-Kreis II,227400,207700,19700,3229080,44570,24236,14781,136424,13190000,0.09668386794112473,0,10,-1.2525640947765353,-1.3562407963683307,-0.49404504104489527,-0.40988528471356156,-0.28497970805051615,1.3658798965035899,-0.28653122133461717,-0.9549958491355326,-0.7717648200050011,-0.5657487154863917
Nordrhein-Westfalen,140,Bochum I,276200,244700,31500,3286779,64907,19422,27343,155734,15189000,0.09753168864859312,0,10,0.03607749572655272,-0.04259269166245877,0.13730653008647317,-0.36920094383475877,0.38817472972410055,-0.691506758626162,1.5504109278182467,0.009624838394145742,-0.533163246370807,-0.5502265543836172
Nordrhein-Westfalen,141,Herne – Bochum II,244400,214000,30400,3128320,63788,18311,28105,126558,16994000,0.13427835458841006,0,10,-0.8036520652980006,-1.1325655785400337,0.07845172260812526,-0.4809325158085228,0.3511358441524923,-1.1663211694797462,1.6618382417534865,-1.4478465846698572,-0.3177176033444337,0.12254265694039425
Nordrhein-Westfalen,142,Dortmund I,283800,248100,35700,3150180,82018,18206,32637,154923,15197000,0.09809389180431569,0,10,0.23676757949342708,0.0781209179591619,0.36202488591289245,-0.465518735819084,0.954548609094778,-1.211195618750337,2.324552922533679,-0.030888231392833497,-0.5322083626344021,-0.5399335668701702
Nordrhein-Westfalen,143,Dortmund II,302400,246100,56299,3356639,87393,18206,34775,142416,15510000,0.10890630266262218,0,10,0.7279301529228828,0.007112912299385036,1.4641614125006093,-0.3199417183058386,1.1324610397895,-1.211195618750337,2.6371928138637877,-0.6556687046674936,-0.4948485364475573,-0.34197663827241154
Nordrhein-Westfalen,144,Unna I,253600,232000,21599,3017840,58835,20283,20795,149581,14690000,0.09820766006377815,0,10,-0.5607114375802053,-0.49349352760204185,-0.39244024158909285,-0.558833449625229,0.1871916080165,-0.3235362746073177,0.5928964243432465,-0.29774497467525407,-0.5927241194290677,-0.5378506627417352
Nordrhein-Westfalen,145,Hamm – Unna II,321800,283700,38100,6242920,85277,18884,28640,169703,19067000,0.1123551145236089,0,10,1.240217998327799,1.3420634187031901,0.4904353749565606,1.7152138316345729,1.062421467073215,-0.9214348891745223,1.7400713296214043,0.707438737104766,-0.07028335514849363,-0.27883473474513626
Nordrhein-Westfalen,146,Soest,303000,275900,27100,7605300,61812,21376,18180,173076,16165000,0.09339827590191592,0,10,0.7437741069044781,1.0651321966300602,-0.09811269982691846,2.675846291927877,0.2857302696310466,0.14358537351416517,0.2105047892505273,0.8759351420264442,-0.41666743052939964,-0.6259023405410072
Nordrhein-Westfalen,147,Hochsauerlandkreis,263800,242700,21100,3376640,45901,22750,12662,152814,12216000,0.07994031960422475,0,10,-0.2913642198930844,-0.11360069732223563,-0.41913892243608886,-0.305838744217606,-0.24092362521243704,0.7307995953978957,-0.5963927413198837,-0.13624219462432452,-0.8880219149123073,-0.8722947250707861
Nordrhein-Westfalen,148,Siegen-Wittgenstein,280800,253300,27500,5700240,56721,23366,15163,160964,17160000,0.10660768867572873,0,10,0.15754780958545037,0.26274173267458173,-0.07671095165297377,1.3325628652727866,0.11721823527442694,0.9940630311186949,-0.23067133429621609,0.2708866817799675,-0.29790376581403044,-0.38406036694682716
Nordrhein-Westfalen,149,Olpe – Märkischer Kreis I,280600,250000,30600,3142720,64818,25863,15433,151288,13847000,0.09152741790492307,0,10,0.15226649159158526,0.14557852333594992,0.0891525966950976,-0.4707788821466784,0.38522883087166704,2.0612201723440773,-0.19118921518530435,-0.212472705715484,-0.6933449931527422,-0.660154581579623
Nordrhein-Westfalen,150,Märkischer Kreis II,272000,241000,31000,2312000,76160,24680,18224,144207,16682000,0.11568093088407637,0,10,-0.07483018214461469,-0.17395750213304595,0.1105543448690423,-1.0565307262833021,0.7606488846278603,1.5556347105620878,0.2169389123648981,-0.5662002607852744,-0.3549580690642279,-0.21794467050081148
Sachsen,151,Nordsachsen,197600,192100,5500,1679600,5335,18348,16598,116556,31302000,0.26855760321218985,1,13,-2.0394804758624376,-1.9101032405145904,-1.2538071012199319,-1.5024444712659688,-1.583657702154223,-1.1505082683082046,-0.020831182725259266,-1.9474911272214803,1.3900919592158707,2.58096825510913
Sachsen,152,Leipzig I,275200,254800,20399,7540480,22291,16542,22841,159937,33289000,0.20813820441798958,1,13,0.009670905757227148,0.3159977369194144,-0.4566454861109269,2.630140838180602,-1.0224143207849747,-1.9223487957623657,0.8920831491614888,0.21958344790669043,1.6272612072454573,1.4747914024385194
Sachsen,153,Leipzig II,285200,263700,21500,7814480,23101,16542,23671,173798,27769000,0.15977744277839792,1,13,0.2737368054504829,0.6319833621054214,-0.39773717426214417,2.8233419231351413,-0.995603331229119,-1.9223487957623657,1.0134541079098471,0.9120022645741618,0.968391429126022,0.5893877709748407
Sachsen,154,Leipzig-Land,258399,253100,5299,2248079,7235,19319,17054,159392,42824000,0.26867094960851234,1,13,-0.43398621231741186,0.25564093210860406,-1.264561479677339,-1.1016022830401602,-1.5207677266528328,-0.7355264564820748,0.045849729550947224,0.1923582653741335,2.7653632605731415,2.5830434356380305
Sachsen,155,Meißen,245200,238600,6599,2697200,8091,19013,17654,150919,49618000,0.3287723878371842,1,13,-0.78252679332254,-0.2591671089247782,-1.1950057981120188,-0.7849210258289644,-1.4924341376901014,-0.8663034229277965,0.13358777201963998,-0.23090590269624273,3.5762982737150697,3.6833989689200193
Sachsen,156,Bautzen I,259300,254100,5200,1063129,8297,18623,17891,158833,52040000,0.3276397222239711,1,13,-0.4101938747550495,0.2911449349384925,-1.2698584123503904,-1.937126464123669,-1.4856155403462663,-1.0329799487899907,0.16824429879477362,0.16443372035450168,3.865389324911677,3.662661780067478
Sachsen,157,Görlitz,260000,251000,9000,1950000,11700,17483,26520,153713,50553000,0.3288791448999109,1,13,-0.3917092617765216,0.18108252616583834,-1.0665418046979158,-1.3117817947268906,-1.372976284224566,-1.5201882551564048,1.4300635795653565,-0.09133313206144618,3.6879003104074015,3.6853535099118884
Sachsen,158,Sächsische Schweiz-Osterzgebirge,247400,240800,6599,2894580,7174,18735,15833,154371,54746000,0.3546391485447396,1,13,-0.7244322953900239,-0.18105830269902365,-1.1950057981120188,-0.6457457333168222,-1.5227868258662984,-0.9851138695680273,-0.13269718687284252,-0.05846309516892788,4.188378748750661,4.156975543982101
Sachsen,159,Dresden I,294400,274200,20199,3621120,21491,17638,20902,181068,41796000,0.23083040625621312,1,13,0.5166774331682782,1.00477539181925,-0.46734636019789927,-0.13345260826984767,-1.0488943104697708,-1.453945020518866,0.6085430419168301,1.2751712132194628,2.6426607004451017,1.8902471817168445
Sachsen,160,Dresden II – Bautzen II,296400,284800,11599,3319679,19562,17797,20747,185136,43119000,0.23290445942442312,1,13,0.5694906131069293,1.3811178218160673,-0.9274839459377102,-0.3460027113712392,-1.1127441855972346,-1.3859922830519713,0.5858773809457511,1.4783859701780713,2.8005745983530748,1.9282195821655272
Sachsen,161,Mittelsachsen,246800,239000,7800,1801640,6416,18604,16042,148887,46521000,0.31245844163694614,1,13,-0.7402762493716192,-0.24496550779282283,-1.1307470492197498,-1.4163924259818375,-1.5478766160926427,-1.041100087229431,-0.10213510207958122,-0.332413372248822,3.206638907259292,3.384718246791594
Sachsen,162,Chemnitz,248600,231500,17099,6140420,16158,18611,20385,145888,35456000,0.243035753454705,1,13,-0.6927443874268332,-0.51124552901698606,-0.6332099085459706,1.6429397031388053,-1.225416541706041,-1.0381084572780583,0.5329420953229732,-0.482226807872929,1.885915339344156,2.113706415327686
Sachsen,163,Chemnitzer Umland – Erzgebirgskreis II,219200,216500,2699,745280,5480,18445,14028,137168,36741000,0.2678540184299545,1,13,-1.469098132525005,-1.0438055714653125,-1.4036728428079797,-2.1612460686919732,-1.5788582040238537,-1.1090528246963256,-0.39664246463282654,-0.9178297283938401,2.0392935395042056,2.5680868094884772
Sachsen,164,Erzgebirgskreis I,267500,261600,5899,26750,4815,18124,16585,163962,47948000,0.29243361266634954,1,13,-0.19365983700657977,0.5574249561626557,-1.2324588574164221,-2.6678912350145465,-1.6008696954493404,-1.2462404267521316,-0.022732173645414275,0.42065016294071195,3.3769662937405305,3.0180975466847912
Sachsen,165,Zwickau,251100,243700,7400,1707480,7784,18656,16070,148817,38955000,0.26176444895408457,1,13,-0.6267279125035192,-0.0780966944923472,-1.1521487973936946,-1.48278590831512,-1.5025958337316416,-1.018876550447805,-0.09804066009770888,-0.3359101846841963,2.3035576135542835,2.4565971069861177
Sachsen,166,Vogtlandkreis,232300,226400,5900,1835170,8130,18566,15564,140831,37218000,0.2642742009926792,1,13,-1.12317180392684,-0.692315943449417,-1.232405353045987,-1.3927499720456122,-1.4911432381929675,-1.0573403641083114,-0.17203307591297312,-0.73484652909704,2.0962284822873527,2.5025464157584967
Hessen,167,Waldeck,235000,219900,15099,3783500,37365,21290,10340,140730,16410000,0.11660626732040076,0,7,-1.051874011009661,-0.9230919618436919,-0.7402186494156942,-0.018956286463577252,-0.5234651151492089,0.10683106268301465,-0.9359389656737247,-0.7398919298966514,-0.3874241161019972,-0.20100332769994583
Hessen,168,Kassel,299300,263200,36100,4459570,73927,19633,21848,165395,17286000,0.10451343752834125,0,7,0.6460697240179735,0.6142313606904772,0.38342663408683714,0.45774976282553004,0.6867366134201739,-0.6013304843776415,0.7468766888758023,0.49223490893915983,-0.28286434696565205,-0.4224025581826207
Hessen,169,Werra-Meißner – Hersfeld-Rotenburg,221900,207200,14700,3727920,31066,19842,11538,131063,17173000,0.13102858930438033,0,7,-1.397800339607826,-1.3739927977832749,-0.7615668932192039,-0.05814649194450169,-0.7319619339298702,-0.5120089615437989,-0.7607553408779014,-1.2228017272218406,-0.2963520797423723,0.06304495908923169
Hessen,170,Schwalm-Eder,237400,224000,13400,2350260,34897,20606,11395,143054,18504000,0.12934975603618215,0,7,-0.9884981950832796,-0.7775255502411493,-0.8311225747845242,-1.0295530857345405,-0.605155883326804,-0.18549392113683374,-0.7816662409996066,-0.6237977570422252,-0.137483298097994,0.03230836558058462
Hessen,171,Marburg,245200,220800,24399,4143879,46342,19718,9808,140784,16127000,0.11455136947380384,0,7,-0.78252679332254,-0.8911383592967923,-0.24262800437148,0.23515179307960496,-0.22632653089869334,-0.5650035492538299,-1.0137333633292989,-0.737194388875077,-0.4212031282773233,-0.238625026655454
Hessen,172,Lahn-Dill,275400,250900,24499,2919240,61138,21649,15422,152795,20930000,0.13698092215059393,0,7,0.014952223751092262,0.1775321258828495,-0.23727756732799382,-0.6283576356709136,0.26342087832160604,0.2602589416177012,-0.19279774596389707,-0.13719132942821183,0.1520851949668158,0.17202209135597155
Hessen,173,Gießen,286500,258100,28399,3352049,63603,19880,16617,164311,20357000,0.12389310514816415,0,7,0.30806537241060616,0.4331609462580462,-0.028610522632033068,-0.3231781890355515,0.3450123465378833,-0.49576868466491847,-0.018052811380417328,0.4380842706542209,0.0836916473468092,-0.06759366962486087
Hessen,174,Fulda,271000,251900,19099,4607000,43360,20727,9214,158626,25134000,0.1584481736915764,0,7,-0.10123677211394026,0.21303612871273794,-0.5262011676762471,0.5617046385731496,-0.32503069244876986,-0.13378146054881962,-1.1005940253733046,0.15409314643846628,0.6538765984476321,0.565051105530336
Hessen,175,Main-Kinzig – Wetterau II – Schotten,232200,212300,19899,2879279,52245,21761,10681,136022,20921000,0.1538060019702695,0,7,-1.1258124629237725,-1.192922383350844,-0.4833976713283578,-0.6565346741959805,-0.03093730701200589,0.30812502083966464,-0.886074511537351,-0.9750775434072535,0.15101095076336019,0.48006080429078274
Hessen,176,Hochtaunus,250300,218900,31400,3579290,57318,27206,10012,144609,16132000,0.11155598890802094,0,7,-0.6478531844789797,-0.9585959646735803,0.131956093042987,-0.1629475038306082,0.13697892757670585,2.6351857473002998,-0.9839024288899434,-0.5461185665135535,-0.4206063259420702,-0.29346537119603056
Hessen,177,Wetterau I,237700,211000,26699,4135979,45400,22008,10696,137220,15895000,0.11583588398192683,0,7,-0.9805762180924819,-1.2390775870296988,-0.11956795237129801,0.22958139683456533,-0.25750671875254044,0.4136868205523877,-0.8838810604756336,-0.9152320962989907,-0.4488947566330677,-0.2151077417409669
Hessen,178,Rheingau-Taunus – Limburg,294000,262700,31300,3351600,52332,22673,14112,171621,20364000,0.11865680773331935,0,7,0.506114797180548,0.596479359275533,0.12660565599950083,-0.3234947849740354,-0.02805760813378434,0.6978916659327958,-0.38435913868720956,0.8032513978340214,0.08452717061616355,-0.16346140597440367
Hessen,179,Wiesbaden,276200,227900,48299,745740,93355,22243,20162,138226,15496000,0.11210626076136183,0,7,0.03607749572655272,-0.6390599392045844,1.0361264490217155,-2.160921716505553,1.3298031629154412,0.5141201117770432,0.5003327895387757,-0.864977906156326,-0.49651958298626603,-0.2833908256197797
Hessen,180,Hanau,254200,213200,41000,3507960,62533,21744,11947,132320,18625000,0.14075725513905682,0,7,-0.5448674835986099,-1.1609687808039444,0.6455980492176596,-0.21324324612917495,0.30959536033446883,0.3008596338149023,-0.7009472419284093,-1.1600089667751907,-0.12304068158486871,0.24116035196731453
Hessen,181,Main-Taunus,278000,237200,40800,3753000,71446,26355,10563,158860,16395000,0.1032040790633262,0,7,0.08360935767133876,-0.308872712886622,0.6348971751306872,-0.040462246650122685,0.6046155454102007,2.2714890203548452,-0.9033296598895272,0.1657824908652889,-0.3892145231077565,-0.4463746938667481
Hessen,182,Frankfurt am Main I,365100,250000,115100,5987639,161374,20555,22636,143049,13329000,0.09317786213115785,0,7,2.3836233439995964,0.14557852333594992,4.610271898440915,1.5352117653269826,3.581231185878103,-0.2072900822111207,0.8621059846513521,-0.6240475293590376,-0.7551737150849647,-0.629937743343556
Hessen,183,Frankfurt am Main II,367600,277400,90200,6028639,162479,20555,22791,170775,13737000,0.08043917435221783,0,7,2.4496398189229103,1.1183882008748929,3.278013074612857,1.5641214167252895,3.6178066716302273,-0.2072900822111207,0.884771645622431,0.7609899218293551,-0.7064746445283108,-0.8631615396024173
Hessen,184,Groß-Gerau,266000,213400,52599,5054000,85386,20066,15427,131180,15943000,0.12153529501448392,0,7,-0.23326972196056814,-1.1538679802379666,1.266195241891621,0.8768903501595695,1.0660293656677686,-0.416276803099872,-0.1920665956099913,-1.2169570550084292,-0.4431654542146378,-0.11076117947965332
Hessen,185,Offenbach,355200,267800,87399,6251520,130713,20901,23443,161293,19051000,0.11811423930362756,0,7,2.122198103303273,0.777549773707964,3.1281473330248093,1.7212778072937298,2.566352481221196,-0.05941808747184065,0.9801136517717439,0.2873217002262266,-0.07219312262130358,-0.1733949149118099
Hessen,186,Darmstadt,341800,289700,52100,6425840,91944,22135,17773,190532,18685000,0.0980675162177482,0,7,1.7683497977143103,1.5550874356825206,1.239496561044625,1.8441931836779464,1.2830990811088825,0.4679635353844356,0.15098915044259736,1.7479402544820664,-0.11587905356183135,-0.540416459184871
Hessen,187,Odenwald,319200,279700,39500,5266800,80119,22034,15640,182234,22259000,0.12214515403272715,0,7,1.1715608644075524,1.2000474073836362,0.565341493565367,1.02693849205127,0.8916917335804938,0.4247985889432006,-0.16091959053360536,1.3334181175001258,0.3107152556770929,-0.09959569384364195
Hessen,188,Bergstraße,266900,236100,30799,3950120,48575,22341,10142,154080,19931000,0.1293548805815161,0,7,-0.20950379098817512,-0.34792711599949927,0.09979996641163509,0.09852971636534735,-0.1524142596910069,0.5560029310962612,-0.9648925196883933,-0.07299984400741241,0.032844088383244076,0.032402187325620085
Thüringen,189,Eichsfeld – Nordhausen – Kyffhäuserkreis,263800,256500,7300,2057639,7386,17475,18993,155929,32854000,0.21069845891399291,1,16,-0.2913642198930844,0.3763545417302247,-1.1574992344371808,-1.2358840882180524,-1.5157696285998277,-1.5236072608151163,0.32938983679560596,0.019365958749831255,1.5753394040784365,1.5216653256642598
Thüringen,190,Eisenach – Wartburgkreis – Unstrut-Hainich-Kreis,273300,264300,9000,3088290,8199,18020,18584,160880,35821000,0.22265663848831427,1,16,-0.04050161518449145,0.6532857638033545,-1.0665418046979158,-0.5091582071615528,-1.4888593390826539,-1.2906875003153835,0.2695817378461137,0.26669050685751833,1.929481909817633,1.7405993387326346
Thüringen,191,Jena – Sömmerda – Weimarer Land I,255800,244200,11600,2506840,10487,17558,15348,153336,30421000,0.19839437574998695,1,16,-0.502616939647689,-0.060344693077402985,-0.9274304415672753,-0.9191464219309574,-1.4131265685841377,-1.4881350771059827,-0.2036187712017025,-0.11016596474910484,1.2849353877442724,1.2963984037652612
Thüringen,192,Gotha – Ilm-Kreis,246500,235000,11500,3401700,9860,17733,15283,145876,35093000,0.24056733115796977,1,16,-0.7481982263624168,-0.38698151911237655,-0.9327808786107615,-0.2881686011922018,-1.4338802604995964,-1.413344328321665,-0.21312372580247754,-0.4828262614332789,1.84258748980478,2.0685137841238377
Thüringen,193,Erfurt – Weimar – Weimarer Land II,280700,264000,16699,4968389,18526,17262,19087,166151,30166000,0.18155773964646615,1,16,0.1549071505885178,0.6426345629543879,-0.6546116567199153,0.8165248826995584,-1.1470357722390454,-1.6146382864783149,0.3431354634490345,0.5300004832412022,1.2544984686463638,0.9881481148474446
Thüringen,194,Gera – Greiz – Altenburger Land,289500,280500,9000,3010800,8974,18134,24897,174394,47274000,0.27107583976512956,1,16,0.38728514231858285,1.2284506096475472,-1.0665418046979158,-0.563797448304353,-1.463206849075508,-1.241966669678742,1.1927321746875426,0.9417751247382057,3.296517338948411,2.6270729009679754
Thüringen,195,Saalfeld-Rudolstadt – Saale-Holzland-Kreis – Saale-Orla-Kreis,278400,269000,9399,3535679,6681,18365,16982,169716,43739000,0.25771877725140824,1,16,0.09417199365906899,0.8201545771038301,-1.045193560894406,-0.1936982064435732,-1.539105119509554,-1.1432428812834423,0.035321164454704096,0.7080881451284784,2.8745780879244607,2.3825277107273344
Thüringen,196,Suhl – Schmalkalden-Meiningen – Hildburghausen – Sonneberg,282700,273900,8800,2063710,7067,18845,13286,168007,38677000,0.23021064598498872,1,16,0.20772033052716896,0.9941241909702834,-1.077242678784888,-1.2316033444707568,-1.52632852448664,-0.9381025417607417,-0.5051451771524432,0.6227159672419833,2.2703754037142105,1.8789004209096332
Rheinland-Pfalz,197,Neuwied,309800,287000,22800,3407800,63818,21726,16419,179082,19273000,0.10762108978010074,0,11,0.923338918695892,1.4592266280418218,-0.3281814926968239,-0.28386740915489267,0.3521288437656722,0.29316687108280104,-0.04700636539508594,1.175961648981558,-0.04569509893606542,-0.3655067092392176
Rheinland-Pfalz,198,Ahrweiler,246400,230100,16300,2784320,39670,22014,9856,149988,14436000,0.09624769981598529,0,11,-0.7508388853593494,-0.5609511329788298,-0.6759599005234251,-0.7234915421748057,-0.4471696448698908,0.4162510747964214,-1.0067143199318034,-0.2774135080867207,-0.6230416780599257,-0.5737342150698186
Rheinland-Pfalz,199,Koblenz,257200,234100,23099,2957799,50668,21059,12860,149622,13697000,0.09154402427450509,0,11,-0.4656477136906332,-0.41893512165927616,-0.31218368593680024,-0.601169166200979,-0.08313598667815972,0.008107274287714973,-0.5674391873052151,-0.295696841677392,-0.7112490632103357,-0.6598505470806851
Rheinland-Pfalz,200,Mosel/Rhein-Hunsrück,219500,205400,14099,2151100,34242,22334,8999,133703,12022000,0.08991570869763581,0,11,-1.4611761555342073,-1.437900002877074,-0.7937230198505558,-1.1699834801854385,-0.6268363748812307,0.5530113011448885,-1.132033490591253,-1.0909219439448674,-0.911177845520128,-0.689662247228696
Rheinland-Pfalz,201,Kreuznach,237400,219400,18000,2184080,42019,21362,15193,138198,16195000,0.11718693468791155,0,11,-0.9884981950832796,-0.9408439632586361,-0.5850024707841602,-1.14672883864602,-0.36941777515790897,0.13760211361141975,-0.22628443217278146,-0.8663766311304757,-0.413086616517881,-0.19037229174360534
Rheinland-Pfalz,202,Bitburg,215200,196900,18299,2195039,29482,21839,8392,125050,10058000,0.08043182726909236,0,11,-1.5747244924023074,-1.7396840269311258,-0.5690046640241365,-1.139001500361287,-0.784392313505766,0.3414603260121035,-1.2207951435554139,-1.5231779154204919,-1.1456018028075503,-0.863296052249849
Rheinland-Pfalz,203,Trier,262900,230900,31999,9911330,40223,21106,11041,149881,11926000,0.07956979203501445,0,11,-0.3151301508654774,-0.5325479307149191,0.16400521093346918,4.301859058123922,-0.42886535200027565,0.028193932532646074,-0.8334316860561353,-0.28275863566650716,-0.9226364503569878,-0.879078457258073
Rheinland-Pfalz,204,Montabaur,272600,251700,20900,3625580,47705,22579,9813,161759,17822000,0.11017624985317664,0,11,-0.05898622816301935,0.20593532814676024,-0.4298397965230612,-0.13030780228847086,-0.1812112484732224,0.6577183494429336,-1.013002212975393,0.3106004801531469,-0.21888713662651843,-0.31872605626827094
Rheinland-Pfalz,205,Mainz,343900,295700,48199,5915079,82535,22918,18570,200879,16535000,0.08231323333947302,0,11,1.8238036366498942,1.7681114526618513,1.0307760119782292,1.4840487334864665,0.9716613024285773,0.802598714230841,0.2675345168551776,2.2648190868937483,-0.3725040577206694,-0.8288506938539816
Rheinland-Pfalz,206,Worms,284100,256399,27700,3409200,57672,22393,14773,167663,21978000,0.1310843775907624,0,11,0.24468955648422477,0.37276863744440597,-0.06601007756600141,-0.2828802503266578,0.14869632301222802,0.5782264678778871,-0.28770106190086636,0.6055316318452868,0.27717496443586803,0.06406634811788164
Rheinland-Pfalz,207,Ludwigshafen/Frankenthal,314600,261200,53400,2674100,96267,20614,21392,159499,24644000,0.15450880569784137,0,11,1.0500905505486549,0.5432233550307003,1.3090522426099451,-0.8012091464948398,1.426190325368098,-0.18207491547812207,0.6801957765995958,0.1977033929539199,0.5953899695928272,0.492927950123509
Rheinland-Pfalz,208,Neustadt – Speyer,285500,259700,25800,3054850,51390,24273,13418,174345,22080000,0.1266454443775273,0,11,0.28165878244128056,0.4899673507858677,-0.16766838139223872,-0.5327372008873914,-0.059237795987631466,1.3816927976751312,-0.48584280780933087,0.93932735603344375,0.2893497320750315,-0.017203000287200267
Rheinland-Pfalz,209,Kaiserslautern,296800,272600,24199,3027360,58172,19816,19588,169755,23207000,0.13670878619186475,0,11,0.5800532490946596,0.9479689872914284,-0.25332887845845237,-0.5521207695932319,0.16524631656522543,-0.5231207299346119,0.4163967289103929,0.7100363691996154,0.4238689784410829,0.16703974289946147
Rheinland-Pfalz,210,Pirmasens,223800,209900,13900,1656120,30660,20785,14770,132714,18648000,0.14051268140512682,0,11,-1.3476278186661075,-1.278131990142576,-0.8043703895670933,-1.5190005350423652,-0.7454005286949041,-0.10899366952315998,-0.28813975211320986,-1.1403269082103697,-0.1202953908427044,0.23668262116158273
Rheinland-Pfalz,211,Südpfalz,283200,258600,24599,3200160,50692,21679,12743,170401,23190000,0.13609075064113474,0,11,0.22092362551183176,0.45091294767299045,-0.23192713028450765,-0.430277165651099,-0.08234158698761584,0.27308021283786993,-0.5845481055866102,0.7423069525317839,0.4218398505012223,0.15572455880314617
Bayern,212,Altötting,220500,199800,20699,3439799,43659,22185,8599,125909,18305000,0.14538277644965808,0,2,-1.4347695655648818,-1.6367224187244493,-0.4405941749804684,-0.26130448390868716,-0.31513379630407745,0.48933232075138355,-1.1905255189037147,-1.4802670313921131,-0.16123603104106785,0.32584581238955385
Bayern,213,Erding – Ebersberg,271200,242100,29099,4122240,39866,24309,5423,162608,19367000,0.11910238118665749,0,2,-0.09595545412007515,-0.1349030990201687,0.008842536672370144,0.21989384316233754,-0.4406820473971158,1.3970783231393338,-1.6549522237046617,0.35301181954790073,-0.03447521503330692,-0.1553037107625396
Bayern,214,Freising,326000,285800,40199,5281200,55093,22838,7172,185634,25178000,0.13563248111876058,0,2,1.3511256761989663,1.4166218246459557,0.6027410484993354,1.0370921257131145,0.06333145626586736,0.7684086576437242,-1.3991958299084224,1.5032632929325913,0.6591284589978595,0.14733442007201786
Bayern,215,Fürstenfeldbruck,323500,282200,41300,5402450,62435,24151,8411,189842,21938000,0.11555925453798421,0,2,1.2851092012756524,1.2888074144583574,0.6616493603481182,1.1225871313727418,0.30635156159808136,1.3295529613797783,-1.218016772210572,1.7134716747619485,0.27240054575384315,-0.2201723583006047
Bayern,216,Ingolstadt,327300,290700,36600,3338460,80515,21717,8182,182840,27671000,0.15133996937212862,0,2,1.3854542431590895,1.5905914385124091,0.41017881930426797,-0.33275997569046845,0.9047993284744678,0.2893204897167504,-1.2515034584194562,1.3636905222977946,0.956694103355061,0.43491192442049087
Bayern,217,München-Nord,368100,264300,103800,3717810,126258,25838,16564,173092,14901000,0.08608716751785178,0,2,2.462843113907573,0.6532857638033545,4.005672512526977,-0.06527518891125494,2.418892038663989,2.050535779660603,-0.025803005131818522,0.8767344134402439,-0.5675390608813863,-0.7597563513921398
Bayern,218,München-Ost,377400,284700,92699,3811740,129448,25838,16983,186047,15940000,0.08567727509715287,0,2,2.708424400622301,1.3775674215330784,3.4117204963295764,9.561173288176053e-4,2.5244809975321125,2.050535779660603,0.03546739452548525,1.5238944863012995,-0.44352353561578967,-0.7672607873334286
Bayern,219,München-Süd,334800,252500,82300,3381480,114836,25838,15066,169770,14584000,0.08590445897390588,0,2,1.5835036679290313,0.234338530410671,2.8553285481774493,-0.3024259951257083,2.040823985939316,2.050535779660603,-0.2448556511619881,0.7107856861500528,-0.6053763289364336,-0.763101435357416
Bayern,220,München-West/Mitte,370000,282600,87399,3737000,126909,25838,16650,192595,14879000,0.07725538046159039,0,2,2.5130156348492916,1.3030090155903127,3.1281473330248093,-0.051744061829949804,2.4404401302699914,2.050535779660603,-0.013227219044639226,1.8509963123988828,-0.5701649911565,-0.9214514129836837
Bayern,221,München-Land,340000,287100,52899,6902000,77180,29954,9180,196362,18457000,0.09399476477118791,0,2,1.7208179357695244,1.4627770283248107,1.2822465530220795,2.1799400034296013,0.794410871475975,3.809614191067761,-1.105565847779864,2.039174775885382,-0.14309324004937327,-0.6149816396861076
Bayern,222,Rosenheim,317900,282800,35099,5404299,53725,23680,9854,185456,25698000,0.13856656026227246,0,2,1.1372322974474292,1.3101098161562905,0.3298687592815405,1.1238908861394608,0.01805067390486645,1.128259003223128,-1.0070067800733657,1.494371398454068,0.7211959018641831,0.20105243940404732
Bayern,223,Bad Tölz-Wolfratshausen – Miesbach,223200,198300,24899,3392640,37943,26258,6472,131817,15407000,0.11688173756040571,0,2,-1.3634717726477028,-1.689978422969282,-0.21587581915404913,-0.29455692903777886,-0.5043333226019439,2.230033576742966,-1.5015568794552305,-1.1851360618465232,-0.5071426645537714,-0.1959599342009304
Bayern,224,Starnberg – Landsberg am Lech,290700,258500,32199,4186080,45058,29060,8430,176259,17450000,0.09900203677542707,0,2,0.41897305028177356,0.4473625473900016,0.17470608502044152,0.2649082857298477,-0.26882691434279066,3.4275403087067313,-1.21523840086573,1.0349401989092493,-0.26328923036935,-0.5233069706782024
Bayern,225,Traunstein,278100,248400,29700,3893400,53951,22259,10845,159568,19183000,0.12021833951669508,0,2,0.08625001666827131,0.08877211880812842,0.040998663303722045,0.058535681552860236,0.025531270990821277,0.5209581230944665,-0.8620927799292416,0.2011502509259317,-0.05643754097062143,-0.1348724039659047
Bayern,226,Weilheim,220300,199200,21100,3679010,29960,24017,7269,133560,16143000,0.1208670260557053,0,2,-1.4400508835587469,-1.6580248204223824,-0.41913892243608886,-0.09263359072233569,-0.7685705196691005,1.2722846165963577,-1.3850115130426504,-1.0980654322057035,-0.41929336080451335,-0.12299605219126576
Bayern,227,Deggendorf,208400,197200,11200,1979800,22715,20088,7502,118755,22765000,0.1916971916971917,0,2,-1.7542893041937213,-1.7290328260821592,-0.94883218974122,-1.2907694139544625,-1.008379926252033,-0.40687453753841485,-1.3509399065506413,-1.8376412622873652,0.3711116520047078,1.173784307545754
Bayern,228,Landshut,336100,301200,34900,7058100,57137,22276,10755,191694,28059000,0.14637390841653886,0,2,1.6178322348891547,1.9633834682262377,0.31922138956500307,2.2900082127777894,0.1309878299105208,0.5282235101192289,-0.8752534862995455,1.8059873409092795,1.0030059645707026,0.343991759909486
Bayern,229,Passau,225200,208900,16299,3265399,28600,20065,9458,130571,20968000,0.16058696035107337,0,2,-1.3106585927090515,-1.3136359929724646,-0.6760134048938601,-0.3842762693688027,-0.8135865021332535,-0.41670417880721095,-1.064913888102703,-1.2473793231961856,0.15662089271473945,0.6042086665579598
Bayern,230,Rottal-Inn,220000,201100,18900,2420000,30800,21229,6820,123504,20381000,0.165022995206633,0,2,-1.4479728605495445,-1.5905672150455943,-0.5368485373927847,-0.9803784738194691,-0.7407665305000649,0.08076114453533811,-1.4506688148233888,-1.600407515778901,0.08655629855602413,0.6854249509432839
Bayern,231,Straubing,222400,207200,15200,2802240,23796,20576,9118,128207,23580000,0.18392131474880466,0,2,-1.3845970446231632,-1.3739927977832749,-0.7348147080017731,-0.7108559091733994,-0.9725988401904526,-0.19831519235700254,-1.1146321121682956,-1.3654716745851114,0.468390432650965,1.0314211715135826
Bayern,232,Amberg,275800,258200,17600,3061380,34750,21131,8549,168203,21540000,0.1280595470948794,0,2,0.025514859738822494,0.43671134654103505,-0.6064042189581049,-0.5281328100671244,-0.6100215814313853,0.038878325216120065,-1.1978370224427726,0.6325070420610313,0.22489507986769544,0.008686825239889435
Bayern,233,Regensburg,334900,302700,32199,5257929,62961,21814,9042,197663,25628000,0.1296550188957974,0,2,1.5861443269259639,2.0166394724710703,0.17470608502044152,1.0206834306475048,0.32376215481583465,0.33077593332862953,-1.1257455975476633,2.104165532719981,0.7128406691706396,0.0378972114814947
Bayern,234,Schwandorf,271200,256700,14500,2657760,23594,20358,9492,161282,28007000,0.17365236046179983,0,2,-0.09595545412007515,0.38345534229620243,-0.7722677673061763,-0.8127307002472383,-0.9792850375858636,-0.29148309655689575,-1.0599420656961438,0.28677220112923923,0.9967992202840701,0.8434140122217597
Bayern,235,Weiden,210400,200500,9900,1157200,20829,20390,9257,129339,17407000,0.13458430945035912,0,2,-1.70147612425507,-1.6118696167435274,-1.0183878713065402,-1.870795736887324,-1.0708065019339392,-0.277807073922049,-1.0943061323297152,-1.308923222058773,-0.2684217304525267,0.1281441722319131
Bayern,236,Bamberg,234300,218000,16300,3163050,29287,21716,7966,144418,18394000,0.12736639477073494,0,2,-1.0703586239881888,-0.9905495672204799,-0.6759599005234251,-0.45644392573381054,-0.7908468109914351,0.2888931140094115,-1.2830891537081857,-0.555659869015789,-0.15061294947356246,-0.004003619743767755
Bayern,237,Bayreuth,204500,193400,11099,1370150,28016,21698,8793,126522,13564000,0.10720665180759077,0,2,-1.857275005074091,-1.8639480368357353,-0.954236131155141,-1.7206418279783127,-0.8329168946031544,0.2812003512773102,-1.1621568851721709,-1.4496449453509068,-0.7271240053280684,-0.37309436653484546
Bayern,238,Coburg,198700,188500,10199,1112719,23247,24053,7351,122179,14210000,0.11630476595814337,0,2,-2.0104332268961795,-2.0379176507021888,-1.0023900645465167,-1.9021598882006923,-0.9907707331116438,1.28767014206056,-1.3730206472385957,-1.6665971797342,-0.6500171436133664,-0.20652330695551221
Bayern,239,Hof,211400,196800,14599,1522080,28327,21143,10358,125791,16606000,0.1320126241146028,0,2,-1.6750695342857445,-1.7432344272141147,-0.766970834633125,-1.6135139417113669,-0.8226227986131901,0.044006833704187585,-0.9333068243996638,-1.4861616580688868,-0.36402946456007523,0.08106096969201675
Bayern,240,Kulmbach,210500,202700,7800,1136700,18945,21623,7578,133911,18000000,0.1344176355937899,0,2,-1.6988354652581374,-1.533760810517773,-1.1307470492197498,-1.8852505625864775,-1.1331668776416335,0.2491471732268882,-1.3398264211712736,-1.0805314155654695,-0.19764097349150767,0.1250926562327188
Bayern,241,Ansbach,315800,291800,24000,4673840,45475,21613,10737,184421,21734000,0.11784991947771675,0,2,1.0817784585118455,1.6296458416252864,-0.2639762481749898,0.6088344214868773,-0.25502421971959083,0.2448734161534986,-0.8778856275736063,1.4426685288738912,0.24805101047551617,-0.1782341632154943
Bayern,242,Erlangen,242500,215900,26599,3346500,49470,24270,7275,147370,13953000,0.09468005699938929,0,2,-0.8538245862397191,-1.0651079731632456,-0.12491838941478418,-0.3270908635626053,-0.12278977123114153,1.3804106705531145,-1.3841341326179635,-0.40819429316971906,-0.6806927836453763,-0.6024350997456241
Bayern,243,Fürth,337200,304000,33199,4417320,69125,22885,12813,197343,23032000,0.11671049897893515,0,2,1.6468794838554128,2.062794676149925,0.22821045545530325,0.4279587196162991,0.5277904753371867,0.7884953158886553,-0.5743120006319293,2.0881801044439845,0.402980896707224,-0.19909502258127132
Bayern,244,Nürnberg-Nord,285300,224400,60900,4821570,103849,21791,17973,145304,14503000,0.09981142982987391,0,2,0.27637746444741546,-0.7633239491091939,1.710335020871408,0.7130008312691185,1.6771544276057508,0.32094629205983344,0.1802351645988283,-0.5114002144766231,-0.615044526767534,-0.5084883548129383
Bayern,245,Nürnberg-Süd,265100,217700,47400,4374150,91724,22126,15640,130978,18679000,0.14261173632213042,0,2,-0.25703565293296116,-1.0012007680694464,0.9880260200007747,0.39751897203422804,1.2758170839455638,0.46411715401838494,-0.16091959053360536,-1.2270478566076521,-0.1165952163641351,0.275112761282353
Bayern,246,Roth,292800,272500,20300,3835680,36014,24299,7612,184545,21357000,0.11572787125091441,0,2,0.47442688921735726,0.9444185870084396,-0.46194241878397824,0.017836533291633924,-0.5681831977294078,1.3928045660659443,-1.3348545987647145,1.4488628823308398,0.20305211439743154,-0.21708527189227894
Bayern,247,Aschaffenburg,242700,218100,24599,2257110,47811,23305,9222,143378,16634000,0.11601500927617905,0,2,-0.848543268245854,-0.986999166937491,-0.23192713028450765,-1.0952344034845964,-0.17770264983998693,0.9679931129710183,-1.0994241848070554,-0.6076125109127785,-0.3606873714826578,-0.21182826100822183
Bayern,248,Bad Kissingen,267400,256500,10899,1791580,29146,20817,8824,169903,19653000,0.11567188336874569,0,2,-0.19630049600351235,0.3763545417302247,-0.9649370052421133,-1.423485867276154,-0.7955139091733803,-0.09531764688831326,-1.157623752977955,0.717429629777264,-3.3812145682893274e-4,-0.21811031518170393
Bayern,249,Main-Spessart,254600,234700,19900,1527600,38190,21936,6619,155959,16856000,0.10807968761020524,0,2,-0.5343048476108797,-0.3976327199613431,-0.4833441669579229,-1.6096217154743264,-0.49615762578676315,0.3829157696239826,-1.4800610590504009,0.020864592650705952,-0.3341893477974196,-0.35711055974963896
Bayern,250,Schweinfurt,256100,237000,19100,2945150,42256,21354,9219,154940,18904000,0.12200851942687492,0,2,-0.49469496265689133,-0.31597351345259966,-0.5261476633058123,-0.610088146214081,-0.36157307821378815,0.13418310795270808,-1.099862875019399,-0.030039005515671173,-0.08973911127774507,-0.10209724204312541
Bayern,251,Würzburg,285300,265300,20000,1968570,46503,23105,8559,181902,15769000,0.0866895361238469,0,2,0.27637746444741546,0.6887897666332429,-0.4779937299144368,-1.2986878379838038,-0.22099743297462815,0.8825179715032264,-1.196374721734961,1.3168332356637793,-0.4639341754814461,-0.7487280025170228
Bayern,252,Augsburg-Stadt,314100,256300,57800,5622390,109620,18877,16961,152057,21013000,0.13819159920293048,0,2,1.036887255563992,0.36925374116424703,1.5444714725233366,1.2776697832884403,1.868174453194447,-0.924426519125895,0.03225033296829985,-0.1740577233897293,0.16199211373201747,0.19418753752195897
Bayern,253,Augsburg-Land,324800,299300,25500,4157440,49694,23625,8444,197838,27042000,0.13668759287902224,0,2,1.3194377682357756,1.8959258628494495,-0.18371969252269724,0.2447138365579572,-0.11537537411939869,1.1047533393194855,-1.2131911798747939,2.112907563808417,0.8816163695802196,0.1666517292388549
Bayern,254,Donau-Ries,249800,230400,19400,2822740,34222,23203,5495,146826,21588000,0.14703117976380206,0,2,-0.6610564794636424,-0.5502999321298633,-0.5100963521753538,-0.6964010834742459,-0.6274983746233506,0.9244007908224444,-1.6444236586084187,-0.43536952123891354,0.2306243822861253,0.35602528498216474
Bayern,255,Neu-Ulm,328000,289700,38300,4231200,66911,23426,8200,180762,27326000,0.15117115322910787,0,2,1.4039388561376176,1.5550874356825206,0.5011362490435329,0.29672300453696016,0.4545071038845142,1.0197055735590326,-1.2488713171453956,1.2598851474305408,0.9155147422225963,0.43182118678500464
Bayern,256,Oberallgäu,300000,268800,31199,4530000,52500,22864,9300,175341,18528000,0.10566838332164183,0,2,0.6645543369965013,0.8130537765378524,0.12120171458557978,0.5074109030202315,-0.02249681029997721,0.7795204260345372,-1.0880182392861255,0.9890820015424836,-0.13461864688877906,-0.40125745697116944
Bayern,257,Ostallgäu,329200,297500,31699,5036760,53001,22927,9876,190159,25383000,0.13348303262007058,0,2,1.4356267641008083,1.8320186577556503,0.14795389980301066,0.8647341943033058,-0.005913716759873803,0.8064450955968916,-1.0037897185161804,1.7293072396478577,0.6835973547432371,0.10798165882794679
Baden-Württemberg,258,Stuttgart I,304300,239600,64700,5020950,117459,23759,15215,159974,11455000,0.07160538587520472,0,1,0.7781026738646014,-0.22366310609488976,1.913651628523883,0.8535863506787391,2.1276452521183407,1.162021684102906,-0.22306737061559606,0.22143176305110257,-0.978855230337831,-1.0248932438178895
Baden-Württemberg,259,Stuttgart II,319500,235400,84100,5271750,123327,23759,15975,137803,14894000,0.10808182695587179,0,1,1.17948284139835,-0.37277991798042115,2.9516364149602006,1.030428803622529,2.321875976456318,1.162021684102906,-0.11193251682191857,-0.8861086441586592,-0.5683745841507407,-0.35707139195413906
Baden-Württemberg,260,Böblingen,358700,298900,59800,6348990,110479,23483,11119,194896,22854000,0.11726254002134472,0,1,2.2146211681959125,1.8817242617174943,1.6514802133930602,1.7900052151423391,1.8966073421184966,1.0440659888773531,-0.8220257405352053,1.965941532595972,0.3817347335722132,-0.188988086149851
Baden-Württemberg,261,Esslingen,245900,204100,41800,3024570,66147,23606,8606,134380,14692000,0.10933174579550528,0,1,-0.7640421803440122,-1.4840552065559292,0.688401545565549,-0.5540880361152142,0.42921871373553416,1.0966332008800452,-1.1895019084082468,-1.0571027722484618,-0.5924853984949664,-0.3341874951310512
Baden-Württemberg,262,Nürtingen,293300,250900,42400,4634140,79484,23600,10265,166609,20544000,0.1233066641057806,0,1,0.48763018420202003,0.1775321258828495,0.7205041678264661,0.5808414175719313,0.8706732417681871,1.0940689466360114,-0.9469062209823113,0.5528796274612225,0.10601205468527558,-0.07833041178858752
Baden-Württemberg,263,Göppingen,252700,216400,36299,3082939,67976,22333,9855,135938,19956000,0.1468022186585061,0,1,-0.5844773685525982,-1.0473559717483014,0.3940740038033746,-0.5129312692257562,0.48975859015239864,0.5525839254375495,-1.0068605500025847,-0.9792737183297027,0.035828100059509635,0.351833394961826
Baden-Württemberg,264,Waiblingen,317400,270500,46899,4094460,78715,23752,10791,176892,22870000,0.1292879270967596,0,1,1.1240290024627664,0.8734105813486628,0.961220330412909,0.20030579155636272,0.8452193516836771,1.1590300541515333,-0.869989203751424,1.0665613742177054,0.3836445010450231,0.031176382426509157
Baden-Württemberg,265,Ludwigsburg,324700,268100,56599,4773089,94163,23470,11364,173985,19780000,0.11368796160588557,0,1,1.316797109238843,0.7882009745569305,1.4802127236310678,0.6788162261607936,1.3565479524970852,1.0385101046819467,-0.7861993731938224,0.9213437492229474,0.014820657858600105,-0.2544325622643081
Baden-Württemberg,266,Neckar-Zaber,322100,278100,44000,4219510,89543,23329,11273,184220,24124000,0.13095212246227336,0,1,1.2481399753185967,1.1432410028558149,0.8061111605222449,0.288480228321199,1.203626012067389,0.9782501299471533,-0.7995063096349074,1.4326276817380306,0.5333225267265036,0.06164498073089585
Baden-Württemberg,267,Heilbronn,351700,294800,56899,6365770,111840,29506,14771,183282,30088000,0.16416232908850842,0,1,2.0297750384106337,1.7361578501149517,1.4962640347615264,1.8018370188121828,1.9416564245697556,3.618149874179907,-0.2879935220424287,1.3857703951040152,1.2451883522164153,0.669667612129137
Baden-Württemberg,268,Schwäbisch Hall – Hohenlohe,301800,274600,27199,4164840,73035,21905,9355,169459,24801000,0.14635398532978477,0,1,0.7120861989412874,1.0189769929512054,-0.09281576715386715,0.24993167607862724,0.6572114249216264,0.36966712269647484,-1.0799755853931619,0.6952498480443184,0.6141295629197749,0.34362700193703116
Baden-Württemberg,269,Backnang – Schwäbisch Gmünd,241500,213600,27900,3067049,56028,22927,7969,135304,19437000,0.14365428959971618,0,1,-0.8802311762090447,-1.146767179671989,-0.055309203479029075,-0.5241355219262219,0.09427994420997253,0.8064450955968916,-1.2826504634958422,-1.0109448481015213,-0.02611998233976336,0.2942001459031339
Baden-Württemberg,270,Aalen – Heidenheim,303800,270500,33300,5468400,70481,22109,12455,168210,20614000,0.12254919445930681,0,1,0.7648993788799386,0.8734105813486628,0.23361439686922428,1.1690893633170918,0.5726740578529157,0.4568517669936226,-0.6266623659715828,0.6328567233045687,0.11436728737881914,-0.09219839800248421
Baden-Württemberg,271,Karlsruhe-Stadt,307800,252300,55500,7695000,93878,21417,14466,160690,16712000,0.1040014935590267,0,1,0.8705257387572409,0.22723772984469331,1.4214114205231547,2.7390949682797827,1.3471144561718766,0.16110777751506253,-0.33259369363068086,0.25719915881864525,-0.3513772550527092,-0.4317753851226733
Baden-Württemberg,272,Karlsruhe-Land,281100,250100,31000,3176430,58187,22619,9276,167216,20887000,0.12491029566548656,0,1,0.16546978657624803,0.14912892361893876,0.1105543448690423,-0.4470095077896801,0.16574281637181534,0.6748133777364921,-1.0915277609848733,0.5832019867222538,0.14695269488363905,-0.04897063418469192
Baden-Württemberg,273,Rastatt,281600,245800,35800,4336640,68428,23075,9856,155235,19700000,0.12690437079266917,0,1,0.17867308156091083,-0.0035382885495814937,0.3673753229563786,0.37107016657202085,0.5047197843243083,0.8696967002830577,-1.0067143199318034,-0.015302438823736676,0.005271820494550317,-0.012462496199258264
Baden-Württemberg,274,Heidelberg,317100,269300,47800,3488100,81494,22796,13635,177832,16849000,0.0947467272481893,0,1,1.1161070254719687,0.8308057779527966,1.0094277681747195,-0.22724679922113533,0.9372042158512367,0.7504588779354879,-0.4541108824498203,1.1135185697784458,-0.335024871066774,-0.6012144804171272
Baden-Württemberg,275,Mannheim,305800,236600,69200,6085420,111311,19846,17430,142721,18308000,0.1282782491714604,0,1,0.8177125588185897,-0.33017511458455506,2.1544212954807604,1.6041584634581496,1.9241465313906843,-0.510299458714443,0.10083223616466135,-0.6404325933419343,-0.16087794963991597,0.01269088982134845
Baden-Württemberg,276,Odenwald – Tauber,275100,253300,21800,4098990,49793,21164,9903,161214,22288000,0.13825102038284517,0,1,0.00703024676029459,0.26274173267458173,-0.3816858631316856,0.20349995547915126,-0.1120984753959052,0.052981723558305736,-0.9998415066050892,0.28337529762058994,0.31417670922156093,0.19527543867774347
Baden-Württemberg,277,Rhein-Neckar,268900,239000,29899,3925939,56737,23240,11024,154652,20942000,0.1354137030235626,0,1,-0.15669061104952398,-0.24496550779282283,0.05164603302025953,0.0814793680613849,0.11774783506812285,0.940213691993986,-0.835917597259415,-0.04442589096406824,0.15351752057142326,0.14332896371844328
Baden-Württemberg,278,Bruchsal – Schwetzingen,266800,235300,31500,3841920,55761,22879,9604,152694,22794000,0.1492789500569767,0,1,-0.21214444998510767,-0.37633031826341,0.13730653008647317,0.0222364412117665,0.0854422476526719,0.7859310616446216,-1.0435642977686543,-0.1422367302278233,0.37457310554917583,0.3971781517443724
Baden-Württemberg,279,Pforzheim,318300,267400,50900,5665740,98991,22911,13686,166072,27105000,0.16321234163495352,0,1,1.1477949334351594,0.7633481725760086,1.1752913165227907,1.3082364512912845,1.5163546902448282,0.7996070842794682,-0.4466531488399814,0.5260540806355655,0.8891360790044087,0.6522749509570301
Baden-Württemberg,280,Calw,271600,239900,31700,4209800,62468,22863,9234,151600,22714000,0.14982849604221635,0,1,-0.08539281813234492,-0.21301190524592323,0.14800740417344552,0.2816335767339414,0.30744386117257916,0.7790930503271982,-1.0976694239576816,-0.19688691314638715,0.36502426818512607,0.4072394079051755
Baden-Württemberg,281,Freiburg,313800,268900,44900,5114940,79391,21003,15062,179518,14101000,0.07854922626143339,0,1,1.0289652785731944,0.8166041768208413,0.8542650939136204,0.9198599637257361,0.8675949429673295,-0.01582576532326677,-0.24544057144511272,1.1977417950076035,-0.6630274345218842,-0.89776328792328
Baden-Württemberg,282,Lörrach – Müllheim,318700,278300,40399,5704730,70432,23142,10517,175691,18457000,0.10505375915670126,0,1,1.1583575694228896,1.1503418034217925,0.6134419225863077,1.3357288246576255,0.5710521584847219,0.898330872674768,-0.9100562431454603,1.006566063719355,-0.14309324004937327,-0.4125101843719347
Baden-Württemberg,283,Emmendingen – Lahr,289200,263200,26000,4424760,52345,21513,9254,166443,19139000,0.1149883143178145,0,1,0.3793631653277852,0.6142313606904772,-0.15696750730526637,0.43320476367491867,-0.027627308301406407,0.20213584541960267,-1.0947448225420586,0.5445871865430492,-0.06168940152084882,-0.23062530666511272
Baden-Württemberg,284,Offenburg,272300,246200,26100,3104220,57727,21662,9530,153635,17799000,0.1158525075666352,0,1,-0.06690820515381701,0.010663312582373878,-0.1516170702617802,-0.4979257499231374,0.15051682230305774,0.2658148258131076,-1.05438532300646,-0.09522958020372038,-0.22163242736868274,-0.2148033920622247
Baden-Württemberg,285,Rottweil – Tuttlingen,274100,242700,31400,3919630,72362,23526,7948,150048,20927000,0.1394687033482619,0,1,-0.019376343209030984,-0.11360069732223563,0.131956093042987,0.07703080731328932,0.634935133599292,1.0624431442929285,-1.2857212949822465,-0.27441624028497136,0.15172711356566393,0.21756915124551196
Baden-Württemberg,286,Schwarzwald-Baar,230300,200300,30000,4145400,59878,22805,7830,123726,15348000,0.12404830027641725,0,1,-1.1759849838654912,-1.6189704173095052,0.05704997443418056,0.2362242706351373,0.2217148945680526,0.7543052593015386,-1.3029764433344226,-1.5893176249124283,-0.5141849321097581,-0.0647523096982986
Baden-Württemberg,287,Konstanz,280300,243100,37200,4765100,66711,22339,10371,157257,16188000,0.10293977374616074,0,1,0.14434451460078757,-0.09939909619028026,0.44228144156518506,0.6731830748188162,0.4478871064633152,0.5551481796815834,-0.9314058334795089,0.08570548609521773,-0.41392213978723535,-0.4512136765398801
Baden-Württemberg,288,Waldshut,245800,215600,30200,4154019,51618,22429,8357,135128,13299000,0.09841779645965307,0,1,-0.7666828393409447,-1.075759174012212,0.06775084852115291,0.24230164344982041,-0.05169099892746464,0.5936119933420897,-1.2259131960327543,-1.0197368336533195,-0.7587545290964833,-0.5340034212653308
Baden-Württemberg,289,Reutlingen,282100,242800,39300,4400760,73346,23126,10437,156066,20174000,0.1292658234336755,0,1,0.1918763765455736,-0.11005029703924679,0.5546406194783947,0.416282040905178,0.6675055209115909,0.8914928613573446,-0.9217546488079527,0.02620972023049236,0.06184868187654531,0.030771701794943183
Baden-Württemberg,290,Tübingen,270900,238000,32899,3467520,60681,21953,8397,158407,15885000,0.10027965935848794,0,1,-0.10387743111087283,-0.28046951062271125,0.21215914432484473,-0.24175803399618798,0.24829418421416644,0.3901811566487449,-1.220063993201508,0.14315311896208102,-0.45008836130357394,-0.49991586523796044
Baden-Württemberg,291,Ulm,314700,271300,43399,4846380,79619,22957,10385,175842,20430000,0.11618384686252431,0,1,1.0527312095455874,0.9018137836125735,0.7739550338908929,0.730494695932338,0.8751417400274963,0.8192663668170604,-0.9293586124885728,1.014109187687091,0.09240496144150463,-0.20873713078178494
Baden-Württemberg,292,Biberach,222800,203600,19200,4077240,42332,21938,5792,130272,16235000,0.12462386391549987,0,1,-1.374034408635433,-1.5018072079708733,-0.5207972262623262,0.1881637379690738,-0.35905747919373254,0.3837705210386605,-1.6009933275864157,-1.2623157077415699,-0.4083121978358561,-0.054214714364708934
Baden-Württemberg,293,Bodensee,233300,206500,26800,3172880,52259,23541,7232,135934,14163000,0.104190268806921,0,1,-1.0967652139575144,-1.3988455997641969,-0.11416401095737698,-0.4495126605327043,-0.03047390719252196,1.068853779903013,-1.3904220256615532,-0.9794735361831526,-0.6556270855647456,-0.42831923008397277
Baden-Württemberg,294,Ravensburg,250500,226500,24000,3632250,50350,22091,7515,144785,14899000,0.10290430638532998,0,1,-0.6425718664851146,-0.6887655431664282,-0.2639762481749898,-0.12560469558538043,-0.09366178257786607,0.44915900426152133,-1.3490389156304863,-0.5373265809617552,-0.5677777818154875,-0.45186302384156285
Baden-Württemberg,295,Zollernalb – Sigmaringen,249100,221000,28099,5455290,55549,22823,8469,137726,18813000,0.1365973018892584,0,1,-0.6795410924421703,-0.8840375587308146,-0.04466183376249159,1.1598453260041208,0.07842505038620101,0.7619980220336398,-1.2095354281052648,-0.8899551378375709,-0.1006009137793517,0.1649986541524627
Saarland,296,Saarbrücken,269800,235000,34800,3129680,53960,18923,25361,145431,14043000,0.09656125585329126,0,12,-0.13292468007713096,-0.38698151911237655,0.31387095252151687,-0.4799735615182375,0.025829170874775233,-0.9047672365883028,1.2605829275299985,-0.5050559976295869,-0.6699503416108202,-0.5679935351324955
Saarland,297,Saarlouis,265500,240800,24699,3902850,42745,18991,14602,157540,15497000,0.09836866827472387,0,12,-0.24647301694523094,-0.18105830269902365,-0.22657669324102148,0.06519900364344562,-0.3453871845189567,-0.8757056884892536,-0.3127064040044438,0.09984259922680234,-0.4964002225192154,-0.5349028751173545
Saarland,298,St. Wendel,216700,205500,11199,2188669,28387,21924,13218,138710,12628000,0.09103885804916732,0,12,-1.535114607448319,-1.4343496025940852,-0.9488856941116549,-1.1434930730297557,-0.8206367993868303,0.37778726113591504,-0.5150888219655617,-0.8407999458888809,-0.8388454024874509,-0.6690992850087636
Saarland,299,Homburg,243700,223000,20699,3216839,37773,20506,16815,143523,16744000,0.11666422803313754,0,12,-0.8221366782765285,-0.8130295530710377,-0.4405941749804684,-0.418516578439578,-0.509960320409963,-0.22823149187072972,0.01090074263425128,-0.6003691137252174,-0.34755772010708935,-0.19994216522442856
